OrderDate,OrderID,Customer,Region,Salesperson,Product,Category,Quantity,UnitPrice,NetRevenue,UnitCost,CostOfGoods
2024-01-01,SO-41011,Fenwick Provisions,South,M. Delacroix,Ambient Pallets,Storage,6,138.61,831.66,94.25,565.50
2024-01-01,SO-41051,Marchmont Retail,North,A. Okafor,Ambient Pallets,Storage,4,140.74,562.96,89.74,358.96
2024-01-02,SO-41061,Calder Grocers,Midlands,S. Whitfield,Legacy Crates,Storage,8,93.10,744.80,62.22,497.76
2024-01-02,SO-41063,Ilkley Fresh,North,R. Lindqvist,Ambient Pallets,Storage,2,144.89,289.78,90.77,181.54
2024-01-03,SO-41005,Ilkley Fresh,South,M. Delacroix,Recycled Wrap,Packaging,14,36.52,511.28,24.39,341.46
2024-01-03,SO-41026,Ullswater Foods,Midlands,S. Whitfield,Insulated Totes,Packaging,7,206.33,1444.31,131.31,919.17
2024-01-03,SO-41045,Yarrow Stores,North,A. Okafor,Ambient Pallets,Storage,7,143.75,1006.25,93.05,651.35
2024-01-03,SO-41046,Ilkley Fresh,Scotland,T. Buchanan,Pallet Recovery,Services,8,155.99,1247.92,100.98,807.84
2024-01-03,SO-41067,Jesmond Supply,North,R. Lindqvist,Legacy Crates,Storage,9,89.15,802.35,61.43,552.87
2024-01-04,SO-41004,Dunlin Wholesale,Midlands,S. Whitfield,Insulated Totes,Packaging,11,226.98,2496.78,130.68,1437.48
2024-01-04,SO-41034,Marchmont Retail,Scotland,T. Buchanan,Legacy Crates,Storage,6,87.72,526.32,60.79,364.74
2024-01-04,SO-41042,Glenmore Stores,North,R. Lindqvist,Legacy Crates,Storage,4,94.03,376.12,63.62,254.48
2024-01-04,SO-41062,Braemar Foods,North,A. Okafor,Pallet Recovery,Services,9,159.51,1435.59,97.12,874.08
2024-01-05,SO-41008,Harrowby Markets,South,M. Delacroix,Insulated Totes,Packaging,9,210.95,1898.55,132.59,1193.31
2024-01-05,SO-41014,Thirlmere Trading,North,R. Lindqvist,Insulated Totes,Packaging,10,225.68,2256.80,129.90,1299.00
2024-01-05,SO-41053,Oakworth Stores,North,R. Lindqvist,Recycled Wrap,Packaging,10,35.99,359.90,24.71,247.10
2024-01-06,SO-41006,Harrowby Markets,Midlands,S. Whitfield,Legacy Crates,Storage,8,93.82,750.56,61.11,488.88
2024-01-06,SO-41023,Dunlin Wholesale,Midlands,S. Whitfield,Ambient Pallets,Storage,3,149.21,447.63,92.13,276.39
2024-01-06,SO-41029,Eastgate Retail,South,M. Delacroix,Ambient Pallets,Storage,11,141.30,1554.30,92.96,1022.56
2024-01-06,SO-41043,Marchmont Retail,South,M. Delacroix,Recycled Wrap,Packaging,9,36.53,328.77,24.42,219.78
2024-01-06,SO-41054,Langdale Foods,Midlands,S. Whitfield,Insulated Totes,Packaging,8,211.20,1689.60,135.20,1081.60
2024-01-06,SO-41058,Kelvin Trading,North,R. Lindqvist,Ambient Pallets,Storage,8,144.87,1158.96,93.84,750.72
2024-01-07,SO-41002,Ullswater Foods,South,M. Delacroix,Legacy Crates,Storage,9,85.75,771.75,62.90,566.10
2024-01-07,SO-41012,Selkirk Supply,South,M. Delacroix,Recycled Wrap,Packaging,15,35.79,536.85,24.69,370.35
2024-01-07,SO-41022,Vale Provisions,North,R. Lindqvist,Ambient Pallets,Storage,13,140.53,1826.89,94.97,1234.61
2024-01-07,SO-41032,Glenmore Stores,South,M. Delacroix,Legacy Crates,Storage,11,93.28,1026.08,62.96,692.56
2024-01-08,SO-41024,Yarrow Stores,South,M. Delacroix,Insulated Totes,Packaging,9,205.27,1847.43,136.51,1228.59
2024-01-09,SO-41020,Glenmore Stores,North,R. Lindqvist,Recycled Wrap,Packaging,10,34.28,342.80,25.07,250.70
2024-01-09,SO-41047,Zetland Markets,North,A. Okafor,Insulated Totes,Packaging,15,209.49,3142.35,130.45,1956.75
2024-01-09,SO-41060,Calder Grocers,South,M. Delacroix,Recycled Wrap,Packaging,13,37.83,491.79,24.76,321.88
2024-01-10,SO-41016,Eastgate Retail,South,M. Delacroix,Recycled Wrap,Packaging,7,38.37,268.59,24.88,174.16
2024-01-10,SO-41036,Braemar Foods,Midlands,S. Whitfield,Recycled Wrap,Packaging,5,35.92,179.60,24.19,120.95
2024-01-10,SO-41052,Kelvin Trading,Midlands,S. Whitfield,Recycled Wrap,Packaging,9,34.61,311.49,25.03,225.27
2024-01-11,SO-41019,Kelvin Trading,North,A. Okafor,Legacy Crates,Storage,14,94.55,1323.70,62.92,880.88
2024-01-11,SO-41068,Glenmore Stores,South,M. Delacroix,Insulated Totes,Packaging,7,210.33,1472.31,131.71,921.97
2024-01-13,SO-41064,Harrowby Markets,North,R. Lindqvist,Recycled Wrap,Packaging,13,35.53,461.89,25.30,328.90
2024-01-14,SO-41038,Calder Grocers,Midlands,S. Whitfield,Recycled Wrap,Packaging,8,34.90,279.20,24.32,194.56
2024-01-14,SO-41049,Eastgate Retail,Scotland,T. Buchanan,Recycled Wrap,Packaging,8,37.94,303.52,24.71,197.68
2024-01-15,SO-41027,Braemar Foods,North,A. Okafor,Insulated Totes,Packaging,10,203.70,2037.00,130.17,1301.70
2024-01-15,SO-41031,Dunlin Wholesale,Scotland,T. Buchanan,Insulated Totes,Packaging,6,214.75,1288.50,130.47,782.82
2024-01-16,SO-41037,Penrith Provisions,South,M. Delacroix,Pallet Recovery,Services,9,173.12,1558.08,96.56,869.04
2024-01-17,SO-41055,Quarrywood Foods,Midlands,S. Whitfield,Recycled Wrap,Packaging,10,34.47,344.70,23.99,239.90
2024-01-18,SO-41017,Glenmore Stores,South,M. Delacroix,Recycled Wrap,Packaging,10,35.94,359.40,23.95,239.50
2024-01-18,SO-41033,Calder Grocers,North,R. Lindqvist,Ambient Pallets,Storage,16,143.89,2302.24,93.09,1489.44
2024-01-19,SO-41015,Glenmore Stores,Scotland,T. Buchanan,Legacy Crates,Storage,6,86.38,518.28,60.44,362.64
2024-01-19,SO-41021,Fenwick Provisions,Midlands,S. Whitfield,Legacy Crates,Storage,11,84.06,924.66,63.38,697.18
2024-01-19,SO-41028,Fenwick Provisions,South,M. Delacroix,Pallet Recovery,Services,11,175.35,1928.85,97.35,1070.85
2024-01-19,SO-41039,Yarrow Stores,Scotland,T. Buchanan,Pallet Recovery,Services,12,172.81,2073.72,101.92,1223.04
2024-01-19,SO-41044,Ravensdale Markets,Scotland,T. Buchanan,Insulated Totes,Packaging,9,213.35,1920.15,130.49,1174.41
2024-01-19,SO-41048,Dunlin Wholesale,North,A. Okafor,Insulated Totes,Packaging,14,220.37,3085.18,130.97,1833.58
2024-01-19,SO-41057,Marchmont Retail,South,M. Delacroix,Recycled Wrap,Packaging,12,38.61,463.32,24.07,288.84
2024-01-20,SO-41007,Kelvin Trading,Midlands,S. Whitfield,Insulated Totes,Packaging,3,226.31,678.93,133.73,401.19
2024-01-20,SO-41041,Selkirk Supply,Midlands,S. Whitfield,Legacy Crates,Storage,13,87.13,1132.69,60.48,786.24
2024-01-20,SO-41065,Thirlmere Trading,North,R. Lindqvist,Recycled Wrap,Packaging,10,36.57,365.70,24.16,241.60
2024-01-21,SO-41001,Harrowby Markets,North,A. Okafor,Ambient Pallets,Storage,6,136.90,821.40,90.15,540.90
2024-01-21,SO-41009,Eastgate Retail,North,A. Okafor,Pallet Recovery,Services,4,170.97,683.88,98.44,393.76
2024-01-22,SO-41013,Oakworth Stores,Midlands,S. Whitfield,Ambient Pallets,Storage,5,136.91,684.55,91.48,457.40
2024-01-23,SO-41050,Marchmont Retail,North,R. Lindqvist,Ambient Pallets,Storage,6,139.89,839.34,92.54,555.24
2024-01-23,SO-41059,Netherby Group,Midlands,S. Whitfield,Insulated Totes,Packaging,8,216.08,1728.64,130.83,1046.64
2024-01-23,SO-41066,Thirlmere Trading,South,M. Delacroix,Ambient Pallets,Storage,3,140.54,421.62,94.40,283.20
2024-01-24,SO-41003,Calder Grocers,Midlands,S. Whitfield,Legacy Crates,Storage,4,92.78,371.12,61.93,247.72
2024-01-24,SO-41030,Selkirk Supply,Scotland,T. Buchanan,Recycled Wrap,Packaging,11,35.65,392.15,23.92,263.12
2024-01-24,SO-41035,Calder Grocers,South,M. Delacroix,Pallet Recovery,Services,4,163.69,654.76,97.91,391.64
2024-01-25,SO-41025,Oakworth Stores,South,M. Delacroix,Ambient Pallets,Storage,11,144.35,1587.85,90.78,998.58
2024-01-25,SO-41040,Vale Provisions,South,M. Delacroix,Insulated Totes,Packaging,8,211.70,1693.60,135.57,1084.56
2024-01-26,SO-41010,Fenwick Provisions,Midlands,S. Whitfield,Insulated Totes,Packaging,13,225.09,2926.17,136.66,1776.58
2024-01-26,SO-41056,Eastgate Retail,Midlands,S. Whitfield,Pallet Recovery,Services,8,159.93,1279.44,97.69,781.52
2024-01-27,SO-41018,Calder Grocers,North,A. Okafor,Recycled Wrap,Packaging,10,36.89,368.90,24.84,248.40
2024-02-01,SO-41131,Dunlin Wholesale,Midlands,S. Whitfield,Recycled Wrap,Packaging,12,38.57,462.84,25.26,303.12
2024-02-03,SO-41115,Wetherby Wholesale,South,M. Delacroix,Recycled Wrap,Packaging,9,35.45,319.05,25.16,226.44
2024-02-04,SO-41076,Glenmore Stores,South,M. Delacroix,Pallet Recovery,Services,8,170.77,1366.16,99.37,794.96
2024-02-04,SO-41078,Netherby Group,North,R. Lindqvist,Recycled Wrap,Packaging,1,34.59,34.59,24.81,24.81
2024-02-05,SO-41079,Ullswater Foods,Midlands,S. Whitfield,Insulated Totes,Packaging,12,226.35,2716.20,131.05,1572.60
2024-02-05,SO-41108,Jesmond Supply,South,M. Delacroix,Legacy Crates,Storage,11,92.24,1014.64,63.36,696.96
2024-02-06,SO-41077,Langdale Foods,South,M. Delacroix,Legacy Crates,Storage,8,86.48,691.84,62.67,501.36
2024-02-06,SO-41083,Marchmont Retail,Midlands,S. Whitfield,Insulated Totes,Packaging,7,202.85,1419.95,136.85,957.95
2024-02-06,SO-41093,Ilkley Fresh,Scotland,T. Buchanan,Pallet Recovery,Services,10,161.66,1616.60,96.32,963.20
2024-02-07,SO-41084,Kelvin Trading,Midlands,S. Whitfield,Insulated Totes,Packaging,14,226.19,3166.66,135.03,1890.42
2024-02-07,SO-41098,Thirlmere Trading,Scotland,T. Buchanan,Legacy Crates,Storage,8,84.85,678.80,63.28,506.24
2024-02-07,SO-41109,Harrowby Markets,North,A. Okafor,Ambient Pallets,Storage,4,139.50,558.00,90.83,363.32
2024-02-07,SO-41127,Jesmond Supply,North,A. Okafor,Legacy Crates,Storage,9,85.44,768.96,62.77,564.93
2024-02-09,SO-41096,Langdale Foods,Midlands,S. Whitfield,Insulated Totes,Packaging,9,216.79,1951.11,133.17,1198.53
2024-02-10,SO-41092,Jesmond Supply,South,M. Delacroix,Legacy Crates,Storage,5,92.26,461.30,62.23,311.15
2024-02-10,SO-41101,Ilkley Fresh,Scotland,T. Buchanan,Legacy Crates,Storage,8,91.92,735.36,63.59,508.72
2024-02-10,SO-41118,Langdale Foods,North,R. Lindqvist,Ambient Pallets,Storage,15,144.84,2172.60,91.43,1371.45
2024-02-11,SO-41114,Penrith Provisions,North,R. Lindqvist,Ambient Pallets,Storage,7,145.48,1018.36,93.55,654.85
2024-02-11,SO-41120,Kelvin Trading,Midlands,S. Whitfield,Recycled Wrap,Packaging,8,36.19,289.52,25.20,201.60
2024-02-12,SO-41087,Quarrywood Foods,South,M. Delacroix,Pallet Recovery,Services,5,160.91,804.55,100.80,504.00
2024-02-12,SO-41097,Ilkley Fresh,South,M. Delacroix,Ambient Pallets,Storage,6,139.47,836.82,94.99,569.94
2024-02-12,SO-41100,Ullswater Foods,South,M. Delacroix,Insulated Totes,Packaging,5,204.52,1022.60,131.78,658.90
2024-02-12,SO-41103,Penrith Provisions,South,M. Delacroix,Recycled Wrap,Packaging,7,38.49,269.43,24.44,171.08
2024-02-12,SO-41104,Marchmont Retail,Midlands,S. Whitfield,Recycled Wrap,Packaging,3,38.11,114.33,24.64,73.92
2024-02-13,SO-41082,Glenmore Stores,South,M. Delacroix,Legacy Crates,Storage,3,90.18,270.54,61.29,183.87
2024-02-13,SO-41089,Quarrywood Foods,South,M. Delacroix,Ambient Pallets,Storage,7,134.82,943.74,93.56,654.92
2024-02-13,SO-41094,Wetherby Wholesale,Scotland,T. Buchanan,Insulated Totes,Packaging,1,206.69,206.69,131.20,131.20
2024-02-13,SO-41117,Harrowby Markets,South,M. Delacroix,Ambient Pallets,Storage,11,147.57,1623.27,92.48,1017.28
2024-02-14,SO-41119,Marchmont Retail,Midlands,S. Whitfield,Recycled Wrap,Packaging,13,34.54,449.02,25.26,328.38
2024-02-15,SO-41072,Quarrywood Foods,South,M. Delacroix,Insulated Totes,Packaging,6,224.28,1345.68,131.23,787.38
2024-02-15,SO-41122,Glenmore Stores,North,R. Lindqvist,Recycled Wrap,Packaging,12,36.47,437.64,25.07,300.84
2024-02-16,SO-41113,Fenwick Provisions,North,A. Okafor,Legacy Crates,Storage,10,94.58,945.80,63.22,632.20
2024-02-16,SO-41121,Braemar Foods,North,A. Okafor,Recycled Wrap,Packaging,14,35.17,492.38,24.14,337.96
2024-02-16,SO-41126,Ilkley Fresh,Midlands,S. Whitfield,Ambient Pallets,Storage,10,134.67,1346.70,94.47,944.70
2024-02-17,SO-41075,Jesmond Supply,Scotland,T. Buchanan,Pallet Recovery,Services,17,159.24,2707.08,100.27,1704.59
2024-02-17,SO-41110,Jesmond Supply,South,M. Delacroix,Insulated Totes,Packaging,15,211.99,3179.85,136.37,2045.55
2024-02-17,SO-41130,Jesmond Supply,North,A. Okafor,Ambient Pallets,Storage,11,133.77,1471.47,92.31,1015.41
2024-02-18,SO-41088,Yarrow Stores,Scotland,T. Buchanan,Legacy Crates,Storage,13,87.85,1142.05,62.64,814.32
2024-02-18,SO-41102,Thirlmere Trading,North,R. Lindqvist,Recycled Wrap,Packaging,11,35.70,392.70,24.25,266.75
2024-02-19,SO-41105,Marchmont Retail,Scotland,T. Buchanan,Recycled Wrap,Packaging,9,35.38,318.42,24.05,216.45
2024-02-19,SO-41116,Zetland Markets,Midlands,S. Whitfield,Legacy Crates,Storage,5,84.31,421.55,61.99,309.95
2024-02-19,SO-41124,Ullswater Foods,South,M. Delacroix,Ambient Pallets,Storage,10,136.45,1364.50,90.94,909.40
2024-02-20,SO-41074,Yarrow Stores,Scotland,T. Buchanan,Recycled Wrap,Packaging,12,37.46,449.52,25.23,302.76
2024-02-20,SO-41085,Selkirk Supply,South,M. Delacroix,Ambient Pallets,Storage,9,144.42,1299.78,92.26,830.34
2024-02-20,SO-41099,Braemar Foods,North,R. Lindqvist,Legacy Crates,Storage,11,94.29,1037.19,62.69,689.59
2024-02-20,SO-41106,Marchmont Retail,South,M. Delacroix,Insulated Totes,Packaging,6,205.20,1231.20,131.61,789.66
2024-02-21,SO-41069,Braemar Foods,South,M. Delacroix,Recycled Wrap,Packaging,7,35.06,245.42,24.75,173.25
2024-02-21,SO-41132,Oakworth Stores,North,R. Lindqvist,Ambient Pallets,Storage,8,140.75,1126.00,94.56,756.48
2024-02-22,SO-41073,Kelvin Trading,South,M. Delacroix,Legacy Crates,Storage,11,94.67,1041.37,62.05,682.55
2024-02-23,SO-41080,Netherby Group,Midlands,S. Whitfield,Ambient Pallets,Storage,4,135.17,540.68,94.67,378.68
2024-02-23,SO-41112,Selkirk Supply,South,M. Delacroix,Pallet Recovery,Services,6,176.37,1058.22,98.78,592.68
2024-02-23,SO-41129,Glenmore Stores,South,M. Delacroix,Ambient Pallets,Storage,13,135.03,1755.39,93.80,1219.40
2024-02-24,SO-41091,Ravensdale Markets,South,M. Delacroix,Insulated Totes,Packaging,11,210.50,2315.50,134.91,1484.01
2024-02-24,SO-41107,Ilkley Fresh,Midlands,S. Whitfield,Insulated Totes,Packaging,10,217.12,2171.20,132.77,1327.70
2024-02-26,SO-41071,Eastgate Retail,North,A. Okafor,Ambient Pallets,Storage,6,150.76,904.56,92.95,557.70
2024-02-26,SO-41090,Quarrywood Foods,Midlands,S. Whitfield,Pallet Recovery,Services,6,170.62,1023.72,98.49,590.94
2024-02-26,SO-41095,Ravensdale Markets,Scotland,T. Buchanan,Recycled Wrap,Packaging,7,35.24,246.68,24.79,173.53
2024-02-26,SO-41111,Braemar Foods,Midlands,S. Whitfield,Recycled Wrap,Packaging,13,35.23,457.99,24.06,312.78
2024-02-26,SO-41125,Oakworth Stores,South,M. Delacroix,Ambient Pallets,Storage,10,134.43,1344.30,90.14,901.40
2024-02-27,SO-41070,Vale Provisions,Midlands,S. Whitfield,Legacy Crates,Storage,12,90.93,1091.16,60.15,721.80
2024-02-27,SO-41123,Zetland Markets,North,A. Okafor,Legacy Crates,Storage,4,86.55,346.20,63.61,254.44
2024-02-27,SO-41128,Glenmore Stores,North,R. Lindqvist,Recycled Wrap,Packaging,4,38.57,154.28,24.55,98.20
2024-02-28,SO-41081,Ilkley Fresh,Scotland,T. Buchanan,Pallet Recovery,Services,5,163.28,816.40,97.65,488.25
2024-02-28,SO-41086,Penrith Provisions,North,A. Okafor,Insulated Totes,Packaging,9,217.49,1957.41,131.83,1186.47
2024-03-01,SO-41190,Yarrow Stores,Scotland,T. Buchanan,Insulated Totes,Packaging,8,225.13,1801.04,129.46,1035.68
2024-03-01,SO-41193,Yarrow Stores,South,M. Delacroix,Ambient Pallets,Storage,11,149.95,1649.45,92.42,1016.62
2024-03-02,SO-41188,Fenwick Provisions,South,M. Delacroix,Recycled Wrap,Packaging,11,35.51,390.61,24.21,266.31
2024-03-02,SO-41208,Wetherby Wholesale,Scotland,T. Buchanan,Ambient Pallets,Storage,3,136.69,410.07,93.19,279.57
2024-03-03,SO-41152,Vale Provisions,North,A. Okafor,Insulated Totes,Packaging,15,205.05,3075.75,135.59,2033.85
2024-03-03,SO-41172,Vale Provisions,North,A. Okafor,Ambient Pallets,Storage,8,148.21,1185.68,93.19,745.52
2024-03-04,SO-41143,Dunlin Wholesale,Midlands,S. Whitfield,Insulated Totes,Packaging,7,202.67,1418.69,129.30,905.10
2024-03-04,SO-41185,Ilkley Fresh,Scotland,T. Buchanan,Pallet Recovery,Services,9,159.46,1435.14,97.11,873.99
2024-03-04,SO-41189,Vale Provisions,South,M. Delacroix,Insulated Totes,Packaging,9,216.18,1945.62,129.37,1164.33
2024-03-04,SO-41197,Netherby Group,North,A. Okafor,Recycled Wrap,Packaging,9,38.43,345.87,24.26,218.34
2024-03-05,SO-41170,Eastgate Retail,North,R. Lindqvist,Legacy Crates,Storage,9,88.98,800.82,63.08,567.72
2024-03-05,SO-41176,Dunlin Wholesale,South,M. Delacroix,Recycled Wrap,Packaging,8,36.79,294.32,25.05,200.40
2024-03-05,SO-41177,Vale Provisions,South,M. Delacroix,Insulated Totes,Packaging,5,226.29,1131.45,136.49,682.45
2024-03-05,SO-41184,Fenwick Provisions,Scotland,T. Buchanan,Legacy Crates,Storage,9,83.42,750.78,62.67,564.03
2024-03-06,SO-41164,Dunlin Wholesale,South,M. Delacroix,Legacy Crates,Storage,12,90.05,1080.60,61.44,737.28
2024-03-06,SO-41171,Calder Grocers,North,R. Lindqvist,Ambient Pallets,Storage,8,137.73,1101.84,93.06,744.48
2024-03-07,SO-41183,Eastgate Retail,Midlands,S. Whitfield,Recycled Wrap,Packaging,8,38.46,307.68,25.11,200.88
2024-03-07,SO-41196,Netherby Group,South,M. Delacroix,Recycled Wrap,Packaging,8,35.02,280.16,25.24,201.92
2024-03-08,SO-41136,Ullswater Foods,South,M. Delacroix,Pallet Recovery,Services,9,158.70,1428.30,99.34,894.06
2024-03-08,SO-41148,Fenwick Provisions,North,R. Lindqvist,Pallet Recovery,Services,6,155.84,935.04,101.21,607.26
2024-03-08,SO-41200,Oakworth Stores,North,A. Okafor,Insulated Totes,Packaging,11,211.76,2329.36,133.83,1472.13
2024-03-08,SO-41204,Dunlin Wholesale,Midlands,S. Whitfield,Pallet Recovery,Services,1,156.19,156.19,96.53,96.53
2024-03-09,SO-41137,Selkirk Supply,North,R. Lindqvist,Ambient Pallets,Storage,12,137.81,1653.72,89.66,1075.92
2024-03-09,SO-41167,Ravensdale Markets,South,M. Delacroix,Legacy Crates,Storage,10,94.56,945.60,62.06,620.60
2024-03-10,SO-41133,Vale Provisions,Midlands,S. Whitfield,Insulated Totes,Packaging,14,210.97,2953.58,136.90,1916.60
2024-03-10,SO-41135,Quarrywood Foods,North,A. Okafor,Pallet Recovery,Services,10,160.92,1609.20,96.21,962.10
2024-03-10,SO-41179,Selkirk Supply,Midlands,S. Whitfield,Recycled Wrap,Packaging,7,36.90,258.30,25.05,175.35
2024-03-11,SO-41138,Marchmont Retail,North,A. Okafor,Insulated Totes,Packaging,10,211.25,2112.50,134.17,1341.70
2024-03-11,SO-41147,Fenwick Provisions,Scotland,T. Buchanan,Legacy Crates,Storage,5,87.23,436.15,62.43,312.15
2024-03-11,SO-41162,Wetherby Wholesale,Scotland,T. Buchanan,Insulated Totes,Packaging,3,206.64,619.92,132.22,396.66
2024-03-11,SO-41165,Quarrywood Foods,North,R. Lindqvist,Recycled Wrap,Packaging,10,37.55,375.50,24.56,245.60
2024-03-11,SO-41186,Oakworth Stores,Scotland,T. Buchanan,Insulated Totes,Packaging,5,219.26,1096.30,132.29,661.45
2024-03-11,SO-41194,Fenwick Provisions,Scotland,T. Buchanan,Recycled Wrap,Packaging,10,34.03,340.30,24.29,242.90
2024-03-12,SO-41150,Glenmore Stores,South,M. Delacroix,Ambient Pallets,Storage,7,151.52,1060.64,93.04,651.28
2024-03-12,SO-41154,Thirlmere Trading,South,M. Delacroix,Pallet Recovery,Services,10,163.72,1637.20,100.62,1006.20
2024-03-12,SO-41175,Netherby Group,North,R. Lindqvist,Recycled Wrap,Packaging,8,35.44,283.52,24.64,197.12
2024-03-13,SO-41181,Fenwick Provisions,South,M. Delacroix,Ambient Pallets,Storage,5,142.93,714.65,93.17,465.85
2024-03-13,SO-41201,Yarrow Stores,North,R. Lindqvist,Legacy Crates,Storage,12,87.30,1047.60,63.78,765.36
2024-03-15,SO-41139,Wetherby Wholesale,Midlands,S. Whitfield,Recycled Wrap,Packaging,13,37.76,490.88,24.13,313.69
2024-03-15,SO-41168,Oakworth Stores,South,M. Delacroix,Pallet Recovery,Services,3,174.07,522.21,98.29,294.87
2024-03-17,SO-41142,Calder Grocers,South,M. Delacroix,Recycled Wrap,Packaging,10,34.70,347.00,25.21,252.10
2024-03-17,SO-41149,Zetland Markets,South,M. Delacroix,Pallet Recovery,Services,14,175.77,2460.78,101.23,1417.22
2024-03-17,SO-41166,Penrith Provisions,Scotland,T. Buchanan,Insulated Totes,Packaging,7,204.71,1432.97,134.39,940.73
2024-03-18,SO-41144,Braemar Foods,North,A. Okafor,Recycled Wrap,Packaging,8,38.36,306.88,24.03,192.24
2024-03-18,SO-41146,Yarrow Stores,North,R. Lindqvist,Pallet Recovery,Services,3,164.31,492.93,98.74,296.22
2024-03-19,SO-41141,Yarrow Stores,North,R. Lindqvist,Recycled Wrap,Packaging,7,35.62,249.34,24.93,174.51
2024-03-19,SO-41163,Quarrywood Foods,North,R. Lindqvist,Ambient Pallets,Storage,7,140.55,983.85,91.39,639.73
2024-03-19,SO-41187,Marchmont Retail,South,M. Delacroix,Recycled Wrap,Packaging,5,35.93,179.65,25.04,125.20
2024-03-19,SO-41203,Quarrywood Foods,North,R. Lindqvist,Pallet Recovery,Services,9,160.14,1441.26,96.86,871.74
2024-03-20,SO-41155,Ravensdale Markets,North,R. Lindqvist,Insulated Totes,Packaging,2,229.78,459.56,131.31,262.62
2024-03-20,SO-41159,Harrowby Markets,Scotland,T. Buchanan,Legacy Crates,Storage,7,85.43,598.01,63.68,445.76
2024-03-20,SO-41178,Vale Provisions,South,M. Delacroix,Ambient Pallets,Storage,13,149.15,1938.95,90.99,1182.87
2024-03-20,SO-41198,Dunlin Wholesale,Midlands,S. Whitfield,Ambient Pallets,Storage,6,138.53,831.18,94.58,567.48
2024-03-21,SO-41156,Calder Grocers,Midlands,S. Whitfield,Pallet Recovery,Services,15,165.15,2477.25,100.56,1508.40
2024-03-21,SO-41157,Ullswater Foods,North,R. Lindqvist,Ambient Pallets,Storage,11,144.40,1588.40,94.64,1041.04
2024-03-21,SO-41169,Harrowby Markets,South,M. Delacroix,Ambient Pallets,Storage,5,141.53,707.65,91.79,458.95
2024-03-21,SO-41195,Ravensdale Markets,South,M. Delacroix,Ambient Pallets,Storage,8,151.53,1212.24,90.79,726.32
2024-03-21,SO-41205,Langdale Foods,North,R. Lindqvist,Legacy Crates,Storage,10,86.92,869.20,63.23,632.30
2024-03-23,SO-41145,Harrowby Markets,Midlands,S. Whitfield,Ambient Pallets,Storage,4,151.46,605.84,92.76,371.04
2024-03-23,SO-41160,Wetherby Wholesale,Midlands,S. Whitfield,Ambient Pallets,Storage,8,139.54,1116.32,90.08,720.64
2024-03-23,SO-41174,Wetherby Wholesale,North,R. Lindqvist,Insulated Totes,Packaging,9,212.35,1911.15,136.89,1232.01
2024-03-24,SO-41140,Ilkley Fresh,Scotland,T. Buchanan,Recycled Wrap,Packaging,10,36.46,364.60,25.25,252.50
2024-03-24,SO-41158,Thirlmere Trading,Scotland,T. Buchanan,Legacy Crates,Storage,6,90.50,543.00,62.91,377.46
2024-03-25,SO-41161,Thirlmere Trading,South,M. Delacroix,Recycled Wrap,Packaging,11,34.16,375.76,24.60,270.60
2024-03-25,SO-41182,Harrowby Markets,North,A. Okafor,Legacy Crates,Storage,9,91.12,820.08,60.39,543.51
2024-03-25,SO-41191,Thirlmere Trading,North,R. Lindqvist,Recycled Wrap,Packaging,7,37.93,265.51,25.21,176.47
2024-03-25,SO-41202,Jesmond Supply,South,M. Delacroix,Pallet Recovery,Services,9,163.23,1469.07,97.30,875.70
2024-03-25,SO-41206,Wetherby Wholesale,Scotland,T. Buchanan,Insulated Totes,Packaging,10,203.24,2032.40,132.25,1322.50
2024-03-26,SO-41153,Jesmond Supply,North,R. Lindqvist,Pallet Recovery,Services,9,156.16,1405.44,101.31,911.79
2024-03-27,SO-41134,Jesmond Supply,North,R. Lindqvist,Pallet Recovery,Services,11,163.85,1802.35,100.55,1106.05
2024-03-27,SO-41180,Vale Provisions,Scotland,T. Buchanan,Recycled Wrap,Packaging,11,35.07,385.77,25.25,277.75
2024-03-27,SO-41192,Quarrywood Foods,Scotland,T. Buchanan,Pallet Recovery,Services,8,165.98,1327.84,96.50,772.00
2024-03-27,SO-41199,Wetherby Wholesale,South,M. Delacroix,Legacy Crates,Storage,13,84.13,1093.69,60.25,783.25
2024-03-27,SO-41207,Zetland Markets,South,M. Delacroix,Insulated Totes,Packaging,12,206.99,2483.88,133.77,1605.24
2024-03-28,SO-41151,Glenmore Stores,Midlands,S. Whitfield,Recycled Wrap,Packaging,7,36.86,258.02,24.72,173.04
2024-03-28,SO-41173,Dunlin Wholesale,North,A. Okafor,Recycled Wrap,Packaging,10,37.56,375.60,24.31,243.10
2024-04-01,SO-41211,Ilkley Fresh,South,M. Delacroix,Legacy Crates,Storage,12,91.90,1102.80,62.97,755.64
2024-04-01,SO-41230,Braemar Foods,South,M. Delacroix,Recycled Wrap,Packaging,5,38.45,192.25,24.93,124.65
2024-04-01,SO-41246,Kelvin Trading,Midlands,S. Whitfield,Ambient Pallets,Storage,7,147.47,1032.29,89.61,627.27
2024-04-02,SO-41252,Vale Provisions,Midlands,S. Whitfield,Recycled Wrap,Packaging,5,37.65,188.25,24.93,124.65
2024-04-02,SO-41253,Glenmore Stores,Midlands,S. Whitfield,Recycled Wrap,Packaging,2,38.37,76.74,24.07,48.14
2024-04-03,SO-41212,Wetherby Wholesale,North,R. Lindqvist,Pallet Recovery,Services,6,174.89,1049.34,96.26,577.56
2024-04-03,SO-41231,Harrowby Markets,North,A. Okafor,Ambient Pallets,Storage,12,144.03,1728.36,91.82,1101.84
2024-04-03,SO-41243,Wetherby Wholesale,North,R. Lindqvist,Legacy Crates,Storage,8,89.16,713.28,63.30,506.40
2024-04-03,SO-41251,Fenwick Provisions,North,A. Okafor,Ambient Pallets,Storage,12,135.11,1621.32,92.09,1105.08
2024-04-03,SO-41261,Langdale Foods,Scotland,T. Buchanan,Pallet Recovery,Services,8,159.32,1274.56,96.63,773.04
2024-04-03,SO-41276,Penrith Provisions,Midlands,S. Whitfield,Pallet Recovery,Services,9,166.74,1500.66,100.46,904.14
2024-04-04,SO-41226,Kelvin Trading,North,R. Lindqvist,Pallet Recovery,Services,5,168.43,842.15,98.01,490.05
2024-04-04,SO-41235,Ravensdale Markets,Midlands,S. Whitfield,Legacy Crates,Storage,1,92.43,92.43,60.52,60.52
2024-04-04,SO-41238,Zetland Markets,North,R. Lindqvist,Recycled Wrap,Packaging,2,36.25,72.50,24.13,48.26
2024-04-04,SO-41241,Braemar Foods,South,M. Delacroix,Legacy Crates,Storage,10,88.05,880.50,62.26,622.60
2024-04-04,SO-41260,Glenmore Stores,South,M. Delacroix,Pallet Recovery,Services,5,174.84,874.20,96.37,481.85
2024-04-04,SO-41271,Netherby Group,North,A. Okafor,Insulated Totes,Packaging,10,202.22,2022.20,132.59,1325.90
2024-04-05,SO-41228,Penrith Provisions,South,M. Delacroix,Pallet Recovery,Services,3,167.39,502.17,99.29,297.87
2024-04-05,SO-41232,Ilkley Fresh,South,M. Delacroix,Ambient Pallets,Storage,12,136.39,1636.68,90.79,1089.48
2024-04-05,SO-41237,Marchmont Retail,North,A. Okafor,Legacy Crates,Storage,7,83.69,585.83,62.93,440.51
2024-04-05,SO-41248,Calder Grocers,North,R. Lindqvist,Legacy Crates,Storage,13,90.93,1182.09,63.43,824.59
2024-04-05,SO-41279,Kelvin Trading,South,M. Delacroix,Recycled Wrap,Packaging,4,34.91,139.64,24.07,96.28
2024-04-06,SO-41249,Harrowby Markets,South,M. Delacroix,Insulated Totes,Packaging,7,211.56,1480.92,137.04,959.28
2024-04-06,SO-41258,Glenmore Stores,North,R. Lindqvist,Recycled Wrap,Packaging,14,36.61,512.54,24.81,347.34
2024-04-06,SO-41264,Penrith Provisions,North,A. Okafor,Recycled Wrap,Packaging,9,38.59,347.31,24.31,218.79
2024-04-06,SO-41282,Langdale Foods,Midlands,S. Whitfield,Ambient Pallets,Storage,8,137.14,1097.12,89.99,719.92
2024-04-08,SO-41220,Ullswater Foods,Scotland,T. Buchanan,Pallet Recovery,Services,7,159.45,1116.15,99.95,699.65
2024-04-09,SO-41242,Fenwick Provisions,South,M. Delacroix,Pallet Recovery,Services,13,165.36,2149.68,98.83,1284.79
2024-04-09,SO-41256,Oakworth Stores,North,R. Lindqvist,Ambient Pallets,Storage,6,149.80,898.80,94.33,565.98
2024-04-09,SO-41262,Oakworth Stores,North,A. Okafor,Insulated Totes,Packaging,10,228.33,2283.30,133.16,1331.60
2024-04-09,SO-41272,Oakworth Stores,South,M. Delacroix,Pallet Recovery,Services,8,171.96,1375.68,98.30,786.40
2024-04-09,SO-41285,Harrowby Markets,South,M. Delacroix,Insulated Totes,Packaging,9,202.77,1824.93,132.82,1195.38
2024-04-10,SO-41274,Yarrow Stores,Scotland,T. Buchanan,Pallet Recovery,Services,7,172.64,1208.48,97.31,681.17
2024-04-10,SO-41275,Marchmont Retail,Midlands,S. Whitfield,Ambient Pallets,Storage,11,147.33,1620.63,91.07,1001.77
2024-04-10,SO-41281,Penrith Provisions,North,A. Okafor,Insulated Totes,Packaging,10,225.22,2252.20,131.01,1310.10
2024-04-10,SO-41287,Vale Provisions,North,R. Lindqvist,Insulated Totes,Packaging,7,212.95,1490.65,134.54,941.78
2024-04-11,SO-41225,Kelvin Trading,North,A. Okafor,Pallet Recovery,Services,9,165.05,1485.45,99.33,893.97
2024-04-11,SO-41266,Braemar Foods,North,A. Okafor,Legacy Crates,Storage,12,92.70,1112.40,63.63,763.56
2024-04-12,SO-41254,Oakworth Stores,Midlands,S. Whitfield,Pallet Recovery,Services,10,159.75,1597.50,96.56,965.60
2024-04-13,SO-41236,Calder Grocers,North,A. Okafor,Pallet Recovery,Services,5,155.76,778.80,100.58,502.90
2024-04-13,SO-41257,Vale Provisions,Midlands,S. Whitfield,Insulated Totes,Packaging,11,219.57,2415.27,135.98,1495.78
2024-04-13,SO-41289,Eastgate Retail,South,M. Delacroix,Pallet Recovery,Services,11,173.90,1912.90,99.44,1093.84
2024-04-14,SO-41213,Selkirk Supply,South,M. Delacroix,Legacy Crates,Storage,11,83.36,916.96,60.96,670.56
2024-04-14,SO-41227,Eastgate Retail,Midlands,S. Whitfield,Ambient Pallets,Storage,7,145.93,1021.51,90.68,634.76
2024-04-14,SO-41233,Calder Grocers,North,R. Lindqvist,Legacy Crates,Storage,12,89.87,1078.44,61.63,739.56
2024-04-14,SO-41244,Ullswater Foods,South,M. Delacroix,Ambient Pallets,Storage,7,135.59,949.13,94.89,664.23
2024-04-14,SO-41267,Quarrywood Foods,South,M. Delacroix,Pallet Recovery,Services,4,162.50,650.00,100.66,402.64
2024-04-14,SO-41268,Kelvin Trading,North,A. Okafor,Legacy Crates,Storage,6,85.20,511.20,63.00,378.00
2024-04-14,SO-41286,Marchmont Retail,North,R. Lindqvist,Ambient Pallets,Storage,7,137.33,961.31,94.17,659.19
2024-04-15,SO-41215,Kelvin Trading,South,M. Delacroix,Legacy Crates,Storage,10,84.30,843.00,63.62,636.20
2024-04-15,SO-41240,Thirlmere Trading,South,M. Delacroix,Legacy Crates,Storage,11,94.63,1040.93,62.80,690.80
2024-04-16,SO-41214,Wetherby Wholesale,North,R. Lindqvist,Legacy Crates,Storage,9,88.92,800.28,60.81,547.29
2024-04-16,SO-41221,Netherby Group,North,A. Okafor,Recycled Wrap,Packaging,11,37.38,411.18,25.15,276.65
2024-04-17,SO-41210,Braemar Foods,Midlands,S. Whitfield,Ambient Pallets,Storage,7,147.82,1034.74,91.32,639.24
2024-04-17,SO-41273,Fenwick Provisions,Scotland,T. Buchanan,Pallet Recovery,Services,5,158.06,790.30,97.94,489.70
2024-04-18,SO-41217,Wetherby Wholesale,Midlands,S. Whitfield,Ambient Pallets,Storage,14,141.86,1986.04,93.26,1305.64
2024-04-19,SO-41234,Yarrow Stores,Midlands,S. Whitfield,Recycled Wrap,Packaging,3,37.03,111.09,24.50,73.50
2024-04-19,SO-41245,Oakworth Stores,North,A. Okafor,Legacy Crates,Storage,8,90.20,721.60,60.96,487.68
2024-04-20,SO-41269,Harrowby Markets,Midlands,S. Whitfield,Legacy Crates,Storage,12,89.68,1076.16,62.03,744.36
2024-04-20,SO-41277,Harrowby Markets,Midlands,S. Whitfield,Pallet Recovery,Services,13,168.01,2184.13,100.39,1305.07
2024-04-20,SO-41280,Braemar Foods,North,A. Okafor,Pallet Recovery,Services,9,173.66,1562.94,96.77,870.93
2024-04-21,SO-41218,Thirlmere Trading,North,A. Okafor,Recycled Wrap,Packaging,8,36.51,292.08,24.59,196.72
2024-04-21,SO-41239,Dunlin Wholesale,South,M. Delacroix,Legacy Crates,Storage,10,86.63,866.30,60.39,603.90
2024-04-21,SO-41259,Fenwick Provisions,Midlands,S. Whitfield,Recycled Wrap,Packaging,12,34.22,410.64,24.32,291.84
2024-04-22,SO-41223,Fenwick Provisions,North,A. Okafor,Recycled Wrap,Packaging,2,34.88,69.76,25.17,50.34
2024-04-22,SO-41247,Ullswater Foods,Midlands,S. Whitfield,Legacy Crates,Storage,12,88.07,1056.84,63.63,763.56
2024-04-22,SO-41278,Harrowby Markets,South,M. Delacroix,Insulated Totes,Packaging,6,204.23,1225.38,131.43,788.58
2024-04-22,SO-41284,Jesmond Supply,North,A. Okafor,Insulated Totes,Packaging,10,208.31,2083.10,129.62,1296.20
2024-04-23,SO-41255,Fenwick Provisions,South,M. Delacroix,Recycled Wrap,Packaging,5,36.95,184.75,24.74,123.70
2024-04-24,SO-41229,Penrith Provisions,South,M. Delacroix,Legacy Crates,Storage,16,88.55,1416.80,61.66,986.56
2024-04-24,SO-41250,Vale Provisions,Midlands,S. Whitfield,Insulated Totes,Packaging,10,209.29,2092.90,136.00,1360.00
2024-04-25,SO-41222,Glenmore Stores,South,M. Delacroix,Insulated Totes,Packaging,1,221.71,221.71,134.83,134.83
2024-04-25,SO-41265,Ravensdale Markets,North,A. Okafor,Pallet Recovery,Services,9,176.01,1584.09,100.07,900.63
2024-04-25,SO-41283,Jesmond Supply,Midlands,S. Whitfield,Insulated Totes,Packaging,12,215.85,2590.20,130.67,1568.04
2024-04-26,SO-41263,Oakworth Stores,Midlands,S. Whitfield,Legacy Crates,Storage,8,92.82,742.56,60.89,487.12
2024-04-27,SO-41209,Penrith Provisions,South,M. Delacroix,Ambient Pallets,Storage,14,135.73,1900.22,90.26,1263.64
2024-04-27,SO-41216,Netherby Group,Scotland,T. Buchanan,Legacy Crates,Storage,8,85.81,686.48,61.08,488.64
2024-04-27,SO-41219,Ravensdale Markets,Scotland,T. Buchanan,Pallet Recovery,Services,2,163.53,327.06,96.38,192.76
2024-04-27,SO-41224,Kelvin Trading,North,A. Okafor,Ambient Pallets,Storage,8,142.57,1140.56,91.70,733.60
2024-04-27,SO-41270,Netherby Group,North,R. Lindqvist,Insulated Totes,Packaging,8,203.44,1627.52,134.28,1074.24
2024-04-27,SO-41288,Selkirk Supply,South,M. Delacroix,Recycled Wrap,Packaging,6,34.57,207.42,24.68,148.08
2024-05-01,SO-41310,Glenmore Stores,South,M. Delacroix,Pallet Recovery,Services,13,172.57,2243.41,97.77,1271.01
2024-05-01,SO-41322,Ullswater Foods,Midlands,S. Whitfield,Insulated Totes,Packaging,7,211.56,1480.92,133.18,932.26
2024-05-01,SO-41370,Oakworth Stores,North,A. Okafor,Pallet Recovery,Services,4,172.76,691.04,99.75,399.00
2024-05-02,SO-41323,Vale Provisions,North,R. Lindqvist,Insulated Totes,Packaging,21,207.24,4352.04,134.40,2822.40
2024-05-02,SO-41338,Oakworth Stores,Midlands,S. Whitfield,Ambient Pallets,Storage,8,150.11,1200.88,93.31,746.48
2024-05-02,SO-41351,Thirlmere Trading,Scotland,T. Buchanan,Recycled Wrap,Packaging,10,34.08,340.80,23.95,239.50
2024-05-03,SO-41303,Fenwick Provisions,North,A. Okafor,Pallet Recovery,Services,12,162.66,1951.92,100.66,1207.92
2024-05-03,SO-41324,Dunlin Wholesale,South,M. Delacroix,Ambient Pallets,Storage,10,146.94,1469.40,91.13,911.30
2024-05-03,SO-41325,Selkirk Supply,North,A. Okafor,Recycled Wrap,Packaging,5,36.89,184.45,24.18,120.90
2024-05-03,SO-41342,Kelvin Trading,North,R. Lindqvist,Recycled Wrap,Packaging,12,38.64,463.68,24.40,292.80
2024-05-04,SO-41311,Selkirk Supply,Midlands,S. Whitfield,Pallet Recovery,Services,12,163.73,1964.76,97.05,1164.60
2024-05-05,SO-41332,Thirlmere Trading,North,R. Lindqvist,Legacy Crates,Storage,10,89.61,896.10,63.25,632.50
2024-05-05,SO-41361,Kelvin Trading,North,A. Okafor,Insulated Totes,Packaging,13,220.91,2871.83,134.08,1743.04
2024-05-05,SO-41367,Ullswater Foods,South,M. Delacroix,Ambient Pallets,Storage,6,134.92,809.52,91.12,546.72
2024-05-05,SO-41368,Ravensdale Markets,Midlands,S. Whitfield,Ambient Pallets,Storage,6,147.31,883.86,91.48,548.88
2024-05-06,SO-41306,Eastgate Retail,South,M. Delacroix,Insulated Totes,Packaging,6,222.85,1337.10,130.33,781.98
2024-05-06,SO-41328,Netherby Group,South,M. Delacroix,Insulated Totes,Packaging,12,205.14,2461.68,132.34,1588.08
2024-05-06,SO-41360,Thirlmere Trading,North,R. Lindqvist,Pallet Recovery,Services,12,168.42,2021.04,100.62,1207.44
2024-05-07,SO-41312,Oakworth Stores,Midlands,S. Whitfield,Pallet Recovery,Services,17,159.88,2717.96,97.35,1654.95
2024-05-07,SO-41353,Netherby Group,North,R. Lindqvist,Pallet Recovery,Services,9,165.34,1488.06,99.59,896.31
2024-05-07,SO-41363,Kelvin Trading,Midlands,S. Whitfield,Ambient Pallets,Storage,4,141.26,565.04,93.56,374.24
2024-05-08,SO-41327,Zetland Markets,North,A. Okafor,Pallet Recovery,Services,8,163.80,1310.40,101.96,815.68
2024-05-08,SO-41345,Calder Grocers,North,R. Lindqvist,Insulated Totes,Packaging,8,212.59,1700.72,134.48,1075.84
2024-05-09,SO-41333,Yarrow Stores,South,M. Delacroix,Ambient Pallets,Storage,5,133.62,668.10,92.53,462.65
2024-05-09,SO-41349,Langdale Foods,North,R. Lindqvist,Pallet Recovery,Services,9,155.90,1403.10,98.27,884.43
2024-05-09,SO-41354,Ravensdale Markets,Scotland,T. Buchanan,Pallet Recovery,Services,8,167.48,1339.84,98.71,789.68
2024-05-09,SO-41373,Eastgate Retail,North,R. Lindqvist,Legacy Crates,Storage,6,84.16,504.96,60.77,364.62
2024-05-10,SO-41302,Oakworth Stores,North,A. Okafor,Pallet Recovery,Services,8,157.66,1261.28,96.29,770.32
2024-05-10,SO-41329,Langdale Foods,South,M. Delacroix,Insulated Totes,Packaging,5,211.38,1056.90,130.70,653.50
2024-05-10,SO-41335,Fenwick Provisions,Midlands,S. Whitfield,Insulated Totes,Packaging,11,209.51,2304.61,129.83,1428.13
2024-05-11,SO-41290,Wetherby Wholesale,Midlands,S. Whitfield,Legacy Crates,Storage,5,91.13,455.65,63.66,318.30
2024-05-11,SO-41309,Yarrow Stores,North,A. Okafor,Insulated Totes,Packaging,8,202.71,1621.68,134.21,1073.68
2024-05-11,SO-41350,Calder Grocers,North,A. Okafor,Recycled Wrap,Packaging,10,34.39,343.90,25.08,250.80
2024-05-12,SO-41305,Jesmond Supply,South,M. Delacroix,Insulated Totes,Packaging,13,217.76,2830.88,137.05,1781.65
2024-05-12,SO-41319,Ravensdale Markets,North,R. Lindqvist,Legacy Crates,Storage,8,84.93,679.44,62.72,501.76
2024-05-12,SO-41336,Dunlin Wholesale,South,M. Delacroix,Insulated Totes,Packaging,11,224.12,2465.32,130.35,1433.85
2024-05-13,SO-41292,Kelvin Trading,North,A. Okafor,Pallet Recovery,Services,11,159.93,1759.23,99.11,1090.21
2024-05-13,SO-41295,Eastgate Retail,Midlands,S. Whitfield,Legacy Crates,Storage,3,89.42,268.26,60.84,182.52
2024-05-13,SO-41313,Thirlmere Trading,South,M. Delacroix,Pallet Recovery,Services,8,157.66,1261.28,97.58,780.64
2024-05-13,SO-41317,Wetherby Wholesale,North,A. Okafor,Legacy Crates,Storage,10,90.49,904.90,61.01,610.10
2024-05-13,SO-41320,Yarrow Stores,North,R. Lindqvist,Ambient Pallets,Storage,3,142.60,427.80,94.92,284.76
2024-05-13,SO-41352,Netherby Group,Midlands,S. Whitfield,Ambient Pallets,Storage,7,137.41,961.87,94.08,658.56
2024-05-13,SO-41357,Fenwick Provisions,North,A. Okafor,Insulated Totes,Packaging,12,210.65,2527.80,129.54,1554.48
2024-05-14,SO-41348,Wetherby Wholesale,South,M. Delacroix,Insulated Totes,Packaging,9,204.48,1840.32,131.62,1184.58
2024-05-14,SO-41362,Wetherby Wholesale,Scotland,T. Buchanan,Recycled Wrap,Packaging,9,38.31,344.79,24.86,223.74
2024-05-15,SO-41298,Marchmont Retail,Scotland,T. Buchanan,Legacy Crates,Storage,12,83.75,1005.00,60.53,726.36
2024-05-15,SO-41340,Ilkley Fresh,South,M. Delacroix,Ambient Pallets,Storage,4,150.51,602.04,92.05,368.20
2024-05-16,SO-41297,Fenwick Provisions,Midlands,S. Whitfield,Recycled Wrap,Packaging,2,35.06,70.12,24.74,49.48
2024-05-16,SO-41304,Ravensdale Markets,Midlands,S. Whitfield,Recycled Wrap,Packaging,6,35.84,215.04,24.25,145.50
2024-05-16,SO-41371,Selkirk Supply,North,A. Okafor,Insulated Totes,Packaging,5,217.74,1088.70,131.42,657.10
2024-05-17,SO-41291,Wetherby Wholesale,North,R. Lindqvist,Insulated Totes,Packaging,10,205.93,2059.30,134.85,1348.50
2024-05-17,SO-41318,Kelvin Trading,Midlands,S. Whitfield,Recycled Wrap,Packaging,20,34.32,686.40,24.76,495.20
2024-05-17,SO-41355,Selkirk Supply,Scotland,T. Buchanan,Recycled Wrap,Packaging,7,35.73,250.11,24.28,169.96
2024-05-17,SO-41358,Quarrywood Foods,Midlands,S. Whitfield,Pallet Recovery,Services,10,160.81,1608.10,100.54,1005.40
2024-05-18,SO-41316,Eastgate Retail,North,A. Okafor,Ambient Pallets,Storage,9,142.75,1284.75,94.89,854.01
2024-05-18,SO-41341,Langdale Foods,Midlands,S. Whitfield,Recycled Wrap,Packaging,13,36.98,480.74,24.55,319.15
2024-05-18,SO-41346,Quarrywood Foods,Midlands,S. Whitfield,Ambient Pallets,Storage,3,140.11,420.33,93.23,279.69
2024-05-19,SO-41300,Selkirk Supply,South,M. Delacroix,Recycled Wrap,Packaging,10,35.74,357.40,24.78,247.80
2024-05-19,SO-41307,Netherby Group,North,R. Lindqvist,Recycled Wrap,Packaging,17,37.52,637.84,24.13,410.21
2024-05-19,SO-41331,Dunlin Wholesale,North,A. Okafor,Ambient Pallets,Storage,2,134.49,268.98,94.93,189.86
2024-05-19,SO-41334,Kelvin Trading,North,R. Lindqvist,Recycled Wrap,Packaging,5,34.55,172.75,24.39,121.95
2024-05-19,SO-41359,Oakworth Stores,Midlands,S. Whitfield,Ambient Pallets,Storage,10,142.44,1424.40,93.07,930.70
2024-05-20,SO-41299,Harrowby Markets,South,M. Delacroix,Insulated Totes,Packaging,9,219.03,1971.27,129.82,1168.38
2024-05-21,SO-41339,Calder Grocers,South,M. Delacroix,Ambient Pallets,Storage,9,140.85,1267.65,91.82,826.38
2024-05-21,SO-41343,Langdale Foods,North,A. Okafor,Recycled Wrap,Packaging,12,35.93,431.16,25.01,300.12
2024-05-21,SO-41356,Kelvin Trading,North,A. Okafor,Insulated Totes,Packaging,8,225.31,1802.48,136.33,1090.64
2024-05-21,SO-41364,Netherby Group,Scotland,T. Buchanan,Ambient Pallets,Storage,11,139.27,1531.97,94.18,1035.98
2024-05-22,SO-41314,Netherby Group,Scotland,T. Buchanan,Pallet Recovery,Services,14,173.81,2433.34,98.13,1373.82
2024-05-22,SO-41344,Ullswater Foods,North,A. Okafor,Legacy Crates,Storage,9,84.06,756.54,62.80,565.20
2024-05-23,SO-41294,Ravensdale Markets,South,M. Delacroix,Recycled Wrap,Packaging,10,35.37,353.70,24.08,240.80
2024-05-23,SO-41337,Fenwick Provisions,South,M. Delacroix,Ambient Pallets,Storage,2,134.13,268.26,93.12,186.24
2024-05-24,SO-41369,Penrith Provisions,South,M. Delacroix,Legacy Crates,Storage,1,83.33,83.33,60.27,60.27
2024-05-24,SO-41372,Harrowby Markets,South,M. Delacroix,Recycled Wrap,Packaging,9,35.02,315.18,24.72,222.48
2024-05-25,SO-41308,Oakworth Stores,South,M. Delacroix,Ambient Pallets,Storage,9,142.27,1280.43,95.07,855.63
2024-05-25,SO-41366,Harrowby Markets,North,A. Okafor,Pallet Recovery,Services,11,169.96,1869.56,96.59,1062.49
2024-05-26,SO-41293,Yarrow Stores,Midlands,S. Whitfield,Legacy Crates,Storage,13,92.04,1196.52,63.02,819.26
2024-05-26,SO-41296,Marchmont Retail,North,A. Okafor,Recycled Wrap,Packaging,3,35.06,105.18,25.23,75.69
2024-05-26,SO-41315,Eastgate Retail,Midlands,S. Whitfield,Insulated Totes,Packaging,8,226.04,1808.32,133.50,1068.00
2024-05-26,SO-41326,Jesmond Supply,North,A. Okafor,Pallet Recovery,Services,6,163.70,982.20,100.74,604.44
2024-05-26,SO-41330,Kelvin Trading,South,M. Delacroix,Pallet Recovery,Services,8,176.08,1408.64,96.07,768.56
2024-05-27,SO-41301,Marchmont Retail,Midlands,S. Whitfield,Pallet Recovery,Services,9,159.71,1437.39,101.41,912.69
2024-05-27,SO-41347,Selkirk Supply,South,M. Delacroix,Ambient Pallets,Storage,14,151.22,2117.08,94.53,1323.42
2024-05-27,SO-41365,Netherby Group,Midlands,S. Whitfield,Recycled Wrap,Packaging,6,34.61,207.66,23.92,143.52
2024-05-28,SO-41321,Fenwick Provisions,North,A. Okafor,Insulated Totes,Packaging,7,204.04,1428.28,131.62,921.34
2024-06-01,SO-41398,Braemar Foods,South,M. Delacroix,Recycled Wrap,Packaging,13,37.75,490.75,25.17,327.21
2024-06-01,SO-41437,Glenmore Stores,Midlands,S. Whitfield,Insulated Totes,Packaging,4,206.64,826.56,129.37,517.48
2024-06-01,SO-41441,Quarrywood Foods,Scotland,T. Buchanan,Legacy Crates,Storage,8,93.96,751.68,60.95,487.60
2024-06-03,SO-41420,Fenwick Provisions,Scotland,T. Buchanan,Recycled Wrap,Packaging,10,36.11,361.10,24.75,247.50
2024-06-03,SO-41433,Dunlin Wholesale,Midlands,S. Whitfield,Recycled Wrap,Packaging,15,37.79,566.85,24.38,365.70
2024-06-04,SO-41376,Braemar Foods,North,R. Lindqvist,Ambient Pallets,Storage,9,150.34,1353.06,93.85,844.65
2024-06-04,SO-41399,Wetherby Wholesale,South,M. Delacroix,Recycled Wrap,Packaging,12,35.72,428.64,23.97,287.64
2024-06-04,SO-41432,Dunlin Wholesale,North,A. Okafor,Recycled Wrap,Packaging,5,38.19,190.95,24.86,124.30
2024-06-05,SO-41379,Dunlin Wholesale,South,M. Delacroix,Ambient Pallets,Storage,8,148.12,1184.96,92.67,741.36
2024-06-05,SO-41409,Wetherby Wholesale,Scotland,T. Buchanan,Pallet Recovery,Services,13,157.13,2042.69,100.49,1306.37
2024-06-05,SO-41443,Ravensdale Markets,Midlands,S. Whitfield,Recycled Wrap,Packaging,7,37.82,264.74,24.49,171.43
2024-06-06,SO-41385,Quarrywood Foods,Midlands,S. Whitfield,Insulated Totes,Packaging,1,227.45,227.45,129.45,129.45
2024-06-06,SO-41386,Ravensdale Markets,Scotland,T. Buchanan,Insulated Totes,Packaging,15,205.57,3083.55,130.45,1956.75
2024-06-06,SO-41400,Zetland Markets,North,R. Lindqvist,Pallet Recovery,Services,13,175.04,2275.52,97.87,1272.31
2024-06-06,SO-41407,Penrith Provisions,South,M. Delacroix,Recycled Wrap,Packaging,3,37.06,111.18,23.94,71.82
2024-06-07,SO-41396,Ilkley Fresh,South,M. Delacroix,Pallet Recovery,Services,8,166.78,1334.24,96.12,768.96
2024-06-07,SO-41416,Ilkley Fresh,South,M. Delacroix,Legacy Crates,Storage,9,92.75,834.75,61.16,550.44
2024-06-08,SO-41405,Quarrywood Foods,South,M. Delacroix,Pallet Recovery,Services,15,161.42,2421.30,97.90,1468.50
2024-06-08,SO-41410,Braemar Foods,North,A. Okafor,Legacy Crates,Storage,4,88.09,352.36,60.46,241.84
2024-06-08,SO-41419,Kelvin Trading,North,A. Okafor,Insulated Totes,Packaging,9,204.19,1837.71,131.62,1184.58
2024-06-08,SO-41451,Yarrow Stores,North,A. Okafor,Insulated Totes,Packaging,9,219.43,1974.87,137.03,1233.27
2024-06-09,SO-41378,Marchmont Retail,South,M. Delacroix,Ambient Pallets,Storage,1,148.84,148.84,94.38,94.38
2024-06-09,SO-41382,Harrowby Markets,South,M. Delacroix,Ambient Pallets,Storage,13,135.78,1765.14,93.90,1220.70
2024-06-09,SO-41453,Ilkley Fresh,South,M. Delacroix,Insulated Totes,Packaging,12,227.83,2733.96,134.72,1616.64
2024-06-10,SO-41401,Eastgate Retail,Midlands,S. Whitfield,Ambient Pallets,Storage,11,144.96,1594.56,92.39,1016.29
2024-06-10,SO-41434,Quarrywood Foods,South,M. Delacroix,Legacy Crates,Storage,4,88.28,353.12,63.79,255.16
2024-06-10,SO-41447,Zetland Markets,Scotland,T. Buchanan,Ambient Pallets,Storage,11,133.51,1468.61,91.57,1007.27
2024-06-11,SO-41430,Zetland Markets,North,R. Lindqvist,Ambient Pallets,Storage,8,144.14,1153.12,90.73,725.84
2024-06-12,SO-41381,Selkirk Supply,Midlands,S. Whitfield,Ambient Pallets,Storage,9,145.82,1312.38,90.96,818.64
2024-06-12,SO-41408,Oakworth Stores,North,R. Lindqvist,Pallet Recovery,Services,6,169.23,1015.38,101.20,607.20
2024-06-12,SO-41438,Ilkley Fresh,Midlands,S. Whitfield,Legacy Crates,Storage,8,88.80,710.40,63.68,509.44
2024-06-13,SO-41402,Selkirk Supply,Midlands,S. Whitfield,Recycled Wrap,Packaging,5,34.40,172.00,24.81,124.05
2024-06-13,SO-41413,Selkirk Supply,South,M. Delacroix,Ambient Pallets,Storage,7,143.60,1005.20,93.66,655.62
2024-06-13,SO-41426,Kelvin Trading,North,R. Lindqvist,Insulated Totes,Packaging,2,224.90,449.80,134.63,269.26
2024-06-14,SO-41412,Eastgate Retail,Midlands,S. Whitfield,Recycled Wrap,Packaging,9,35.21,316.89,24.42,219.78
2024-06-14,SO-41436,Langdale Foods,North,A. Okafor,Pallet Recovery,Services,6,165.05,990.30,99.37,596.22
2024-06-14,SO-41450,Dunlin Wholesale,North,A. Okafor,Ambient Pallets,Storage,8,149.58,1196.64,91.84,734.72
2024-06-14,SO-41452,Glenmore Stores,North,A. Okafor,Recycled Wrap,Packaging,15,34.19,512.85,25.10,376.50
2024-06-15,SO-41415,Oakworth Stores,South,M. Delacroix,Legacy Crates,Storage,6,90.98,545.88,63.23,379.38
2024-06-16,SO-41392,Quarrywood Foods,Scotland,T. Buchanan,Pallet Recovery,Services,1,175.01,175.01,100.39,100.39
2024-06-16,SO-41393,Yarrow Stores,South,M. Delacroix,Ambient Pallets,Storage,15,149.90,2248.50,91.57,1373.55
2024-06-16,SO-41394,Glenmore Stores,South,M. Delacroix,Insulated Totes,Packaging,12,215.26,2583.12,132.85,1594.20
2024-06-16,SO-41427,Langdale Foods,South,M. Delacroix,Insulated Totes,Packaging,12,211.86,2542.32,130.46,1565.52
2024-06-16,SO-41440,Ullswater Foods,North,A. Okafor,Insulated Totes,Packaging,7,204.44,1431.08,130.00,910.00
2024-06-17,SO-41449,Dunlin Wholesale,South,M. Delacroix,Recycled Wrap,Packaging,2,36.90,73.80,25.33,50.66
2024-06-17,SO-41456,Calder Grocers,North,A. Okafor,Insulated Totes,Packaging,7,202.46,1417.22,130.86,916.02
2024-06-18,SO-41375,Jesmond Supply,North,A. Okafor,Ambient Pallets,Storage,14,140.29,1964.06,94.77,1326.78
2024-06-18,SO-41383,Braemar Foods,North,R. Lindqvist,Ambient Pallets,Storage,9,150.16,1351.44,91.00,819.00
2024-06-18,SO-41390,Wetherby Wholesale,Scotland,T. Buchanan,Insulated Totes,Packaging,12,209.69,2516.28,133.43,1601.16
2024-06-18,SO-41404,Ullswater Foods,Midlands,S. Whitfield,Insulated Totes,Packaging,7,217.94,1525.58,132.28,925.96
2024-06-18,SO-41423,Ravensdale Markets,South,M. Delacroix,Ambient Pallets,Storage,14,140.94,1973.16,94.40,1321.60
2024-06-18,SO-41435,Langdale Foods,North,R. Lindqvist,Recycled Wrap,Packaging,5,34.64,173.20,25.01,125.05
2024-06-18,SO-41448,Penrith Provisions,North,R. Lindqvist,Pallet Recovery,Services,8,175.25,1402.00,101.87,814.96
2024-06-18,SO-41455,Wetherby Wholesale,North,A. Okafor,Ambient Pallets,Storage,9,137.18,1234.62,92.03,828.27
2024-06-19,SO-41384,Glenmore Stores,Midlands,S. Whitfield,Insulated Totes,Packaging,9,224.09,2016.81,136.59,1229.31
2024-06-19,SO-41388,Selkirk Supply,North,A. Okafor,Recycled Wrap,Packaging,8,34.19,273.52,24.09,192.72
2024-06-19,SO-41418,Marchmont Retail,Midlands,S. Whitfield,Recycled Wrap,Packaging,7,37.48,262.36,24.81,173.67
2024-06-19,SO-41424,Glenmore Stores,North,R. Lindqvist,Pallet Recovery,Services,3,175.48,526.44,100.35,301.05
2024-06-19,SO-41439,Braemar Foods,Midlands,S. Whitfield,Insulated Totes,Packaging,15,216.31,3244.65,134.66,2019.90
2024-06-20,SO-41374,Fenwick Provisions,Scotland,T. Buchanan,Insulated Totes,Packaging,5,228.99,1144.95,134.86,674.30
2024-06-20,SO-41389,Selkirk Supply,South,M. Delacroix,Recycled Wrap,Packaging,5,35.59,177.95,24.94,124.70
2024-06-20,SO-41403,Jesmond Supply,Midlands,S. Whitfield,Recycled Wrap,Packaging,10,36.94,369.40,25.32,253.20
2024-06-20,SO-41444,Ravensdale Markets,North,R. Lindqvist,Insulated Totes,Packaging,4,218.48,873.92,129.25,517.00
2024-06-21,SO-41417,Fenwick Provisions,North,R. Lindqvist,Recycled Wrap,Packaging,5,34.74,173.70,25.01,125.05
2024-06-21,SO-41429,Fenwick Provisions,North,A. Okafor,Pallet Recovery,Services,12,168.45,2021.40,100.49,1205.88
2024-06-22,SO-41446,Netherby Group,Scotland,T. Buchanan,Ambient Pallets,Storage,11,147.59,1623.49,94.85,1043.35
2024-06-23,SO-41397,Vale Provisions,North,R. Lindqvist,Legacy Crates,Storage,6,92.01,552.06,60.74,364.44
2024-06-23,SO-41411,Marchmont Retail,South,M. Delacroix,Pallet Recovery,Services,10,161.84,1618.40,96.50,965.00
2024-06-23,SO-41425,Ullswater Foods,Midlands,S. Whitfield,Ambient Pallets,Storage,11,137.62,1513.82,91.99,1011.89
2024-06-23,SO-41431,Penrith Provisions,Midlands,S. Whitfield,Insulated Totes,Packaging,18,203.88,3669.84,130.09,2341.62
2024-06-23,SO-41454,Zetland Markets,North,A. Okafor,Pallet Recovery,Services,11,163.94,1803.34,97.53,1072.83
2024-06-24,SO-41377,Ullswater Foods,South,M. Delacroix,Recycled Wrap,Packaging,10,35.72,357.20,24.99,249.90
2024-06-24,SO-41406,Kelvin Trading,Midlands,S. Whitfield,Ambient Pallets,Storage,4,147.50,590.00,89.86,359.44
2024-06-24,SO-41442,Eastgate Retail,South,M. Delacroix,Recycled Wrap,Packaging,11,34.97,384.67,25.30,278.30
2024-06-24,SO-41445,Oakworth Stores,South,M. Delacroix,Recycled Wrap,Packaging,9,37.44,336.96,24.92,224.28
2024-06-25,SO-41387,Penrith Provisions,Scotland,T. Buchanan,Ambient Pallets,Storage,10,146.15,1461.50,93.16,931.60
2024-06-25,SO-41414,Kelvin Trading,Scotland,T. Buchanan,Legacy Crates,Storage,5,94.58,472.90,61.40,307.00
2024-06-25,SO-41421,Eastgate Retail,North,A. Okafor,Legacy Crates,Storage,4,84.34,337.36,63.81,255.24
2024-06-25,SO-41428,Thirlmere Trading,South,M. Delacroix,Pallet Recovery,Services,17,167.11,2840.87,100.58,1709.86
2024-06-26,SO-41380,Fenwick Provisions,South,M. Delacroix,Recycled Wrap,Packaging,6,36.56,219.36,24.36,146.16
2024-06-26,SO-41395,Wetherby Wholesale,Scotland,T. Buchanan,Pallet Recovery,Services,13,155.52,2021.76,98.34,1278.42
2024-06-26,SO-41422,Netherby Group,North,A. Okafor,Pallet Recovery,Services,7,173.71,1215.97,101.90,713.30
2024-06-28,SO-41391,Oakworth Stores,Scotland,T. Buchanan,Recycled Wrap,Packaging,9,37.58,338.22,24.88,223.92
2024-07-01,SO-41472,Yarrow Stores,North,R. Lindqvist,Insulated Totes,Packaging,3,211.51,634.53,134.47,403.41
2024-07-01,SO-41497,Selkirk Supply,Midlands,S. Whitfield,Legacy Crates,Storage,9,93.68,843.12,63.17,568.53
2024-07-01,SO-41515,Eastgate Retail,South,M. Delacroix,Recycled Wrap,Packaging,7,35.98,251.86,24.18,169.26
2024-07-01,SO-41524,Braemar Foods,North,R. Lindqvist,Pallet Recovery,Services,10,161.08,1610.80,100.32,1003.20
2024-07-02,SO-41486,Wetherby Wholesale,Midlands,S. Whitfield,Ambient Pallets,Storage,6,136.14,816.84,91.05,546.30
2024-07-02,SO-41511,Dunlin Wholesale,Midlands,S. Whitfield,Insulated Totes,Packaging,9,216.49,1948.41,134.19,1207.71
2024-07-03,SO-41482,Eastgate Retail,Scotland,T. Buchanan,Ambient Pallets,Storage,22,149.68,3292.96,94.63,2081.86
2024-07-03,SO-41514,Ravensdale Markets,South,M. Delacroix,Chilled Logistics,Services,6,507.14,3042.84,287.85,1727.10
2024-07-03,SO-41519,Quarrywood Foods,Scotland,T. Buchanan,Pallet Recovery,Services,12,160.85,1930.20,99.70,1196.40
2024-07-03,SO-41525,Zetland Markets,South,M. Delacroix,Legacy Crates,Storage,1,90.37,90.37,61.94,61.94
2024-07-03,SO-41534,Dunlin Wholesale,South,M. Delacroix,Insulated Totes,Packaging,9,219.01,1971.09,135.86,1222.74
2024-07-04,SO-41475,Ilkley Fresh,South,M. Delacroix,Ambient Pallets,Storage,10,148.27,1482.70,91.96,919.60
2024-07-04,SO-41510,Glenmore Stores,Scotland,T. Buchanan,Insulated Totes,Packaging,10,226.46,2264.60,136.34,1363.40
2024-07-05,SO-41469,Ilkley Fresh,Midlands,S. Whitfield,Insulated Totes,Packaging,9,220.00,1980.00,130.37,1173.33
2024-07-05,SO-41474,Jesmond Supply,South,M. Delacroix,Pallet Recovery,Services,7,161.20,1128.40,99.46,696.22
2024-07-05,SO-41484,Selkirk Supply,Scotland,T. Buchanan,Pallet Recovery,Services,16,158.60,2537.60,100.35,1605.60
2024-07-06,SO-41471,Dunlin Wholesale,Scotland,T. Buchanan,Legacy Crates,Storage,13,94.50,1228.50,63.65,827.45
2024-07-06,SO-41494,Eastgate Retail,North,A. Okafor,Insulated Totes,Packaging,6,210.84,1265.04,129.81,778.86
2024-07-06,SO-41505,Dunlin Wholesale,Midlands,S. Whitfield,Pallet Recovery,Services,2,170.67,341.34,101.15,202.30
2024-07-07,SO-41509,Vale Provisions,Midlands,S. Whitfield,Pallet Recovery,Services,12,156.86,1882.32,97.74,1172.88
2024-07-07,SO-41518,Dunlin Wholesale,Midlands,S. Whitfield,Pallet Recovery,Services,11,163.13,1794.43,101.16,1112.76
2024-07-07,SO-41530,Penrith Provisions,South,M. Delacroix,Insulated Totes,Packaging,10,229.59,2295.90,137.06,1370.60
2024-07-08,SO-41473,Netherby Group,North,R. Lindqvist,Pallet Recovery,Services,14,156.18,2186.52,98.14,1373.96
2024-07-08,SO-41480,Oakworth Stores,North,R. Lindqvist,Insulated Totes,Packaging,20,205.84,4116.80,134.74,2694.80
2024-07-08,SO-41498,Selkirk Supply,North,R. Lindqvist,Pallet Recovery,Services,9,159.75,1437.75,97.91,881.19
2024-07-08,SO-41516,Glenmore Stores,North,A. Okafor,Recycled Wrap,Packaging,7,37.87,265.09,24.48,171.36
2024-07-08,SO-41529,Ullswater Foods,Midlands,S. Whitfield,Pallet Recovery,Services,1,173.44,173.44,101.72,101.72
2024-07-09,SO-41460,Yarrow Stores,North,R. Lindqvist,Pallet Recovery,Services,6,173.88,1043.28,100.59,603.54
2024-07-10,SO-41464,Ravensdale Markets,Midlands,S. Whitfield,Insulated Totes,Packaging,5,215.76,1078.80,133.99,669.95
2024-07-10,SO-41467,Selkirk Supply,Midlands,S. Whitfield,Ambient Pallets,Storage,7,143.04,1001.28,90.36,632.52
2024-07-10,SO-41483,Langdale Foods,Scotland,T. Buchanan,Ambient Pallets,Storage,7,143.07,1001.49,90.20,631.40
2024-07-10,SO-41491,Zetland Markets,South,M. Delacroix,Insulated Totes,Packaging,10,225.28,2252.80,129.90,1299.00
2024-07-10,SO-41499,Yarrow Stores,North,R. Lindqvist,Recycled Wrap,Packaging,8,36.22,289.76,24.20,193.60
2024-07-10,SO-41527,Calder Grocers,North,R. Lindqvist,Recycled Wrap,Packaging,11,35.52,390.72,25.26,277.86
2024-07-10,SO-41528,Oakworth Stores,Scotland,T. Buchanan,Insulated Totes,Packaging,12,208.18,2498.16,133.17,1598.04
2024-07-11,SO-41500,Langdale Foods,South,M. Delacroix,Recycled Wrap,Packaging,14,35.49,496.86,24.30,340.20
2024-07-12,SO-41493,Vale Provisions,North,R. Lindqvist,Ambient Pallets,Storage,8,136.58,1092.64,93.90,751.20
2024-07-12,SO-41512,Kelvin Trading,Scotland,T. Buchanan,Ambient Pallets,Storage,10,147.85,1478.50,90.76,907.60
2024-07-13,SO-41459,Marchmont Retail,South,M. Delacroix,Ambient Pallets,Storage,9,140.31,1262.79,93.35,840.15
2024-07-13,SO-41507,Selkirk Supply,North,A. Okafor,Pallet Recovery,Services,4,161.42,645.68,100.96,403.84
2024-07-15,SO-41458,Kelvin Trading,South,M. Delacroix,Ambient Pallets,Storage,15,148.24,2223.60,92.62,1389.30
2024-07-15,SO-41479,Glenmore Stores,South,M. Delacroix,Insulated Totes,Packaging,4,206.78,827.12,134.06,536.24
2024-07-15,SO-41492,Dunlin Wholesale,South,M. Delacroix,Recycled Wrap,Packaging,9,37.18,334.62,24.14,217.26
2024-07-15,SO-41513,Glenmore Stores,South,M. Delacroix,Insulated Totes,Packaging,10,215.49,2154.90,130.91,1309.10
2024-07-16,SO-41463,Glenmore Stores,North,A. Okafor,Recycled Wrap,Packaging,3,36.37,109.11,25.34,76.02
2024-07-16,SO-41477,Selkirk Supply,North,A. Okafor,Chilled Logistics,Services,1,494.11,494.11,289.28,289.28
2024-07-16,SO-41481,Yarrow Stores,North,R. Lindqvist,Ambient Pallets,Storage,9,137.67,1239.03,93.99,845.91
2024-07-16,SO-41487,Yarrow Stores,North,R. Lindqvist,Recycled Wrap,Packaging,11,36.03,396.33,25.36,278.96
2024-07-16,SO-41488,Ravensdale Markets,North,R. Lindqvist,Pallet Recovery,Services,6,164.98,989.88,96.53,579.18
2024-07-16,SO-41532,Oakworth Stores,Midlands,S. Whitfield,Recycled Wrap,Packaging,11,36.97,406.67,25.13,276.43
2024-07-16,SO-41533,Eastgate Retail,South,M. Delacroix,Ambient Pallets,Storage,5,140.17,700.85,90.54,452.70
2024-07-17,SO-41470,Penrith Provisions,North,A. Okafor,Pallet Recovery,Services,13,158.36,2058.68,100.57,1307.41
2024-07-17,SO-41489,Kelvin Trading,North,A. Okafor,Pallet Recovery,Services,14,166.87,2336.18,98.10,1373.40
2024-07-17,SO-41496,Calder Grocers,South,M. Delacroix,Pallet Recovery,Services,12,163.67,1964.04,99.63,1195.56
2024-07-18,SO-41490,Selkirk Supply,North,A. Okafor,Ambient Pallets,Storage,11,147.13,1618.43,94.61,1040.71
2024-07-18,SO-41502,Ilkley Fresh,Scotland,T. Buchanan,Pallet Recovery,Services,12,166.14,1993.68,100.34,1204.08
2024-07-18,SO-41517,Dunlin Wholesale,Midlands,S. Whitfield,Ambient Pallets,Storage,10,145.52,1455.20,92.80,928.00
2024-07-19,SO-41466,Ullswater Foods,North,A. Okafor,Legacy Crates,Storage,8,84.44,675.52,61.40,491.20
2024-07-19,SO-41468,Quarrywood Foods,Scotland,T. Buchanan,Insulated Totes,Packaging,1,213.00,213.00,133.52,133.52
2024-07-19,SO-41531,Quarrywood Foods,North,A. Okafor,Insulated Totes,Packaging,5,206.62,1033.10,133.50,667.50
2024-07-20,SO-41504,Calder Grocers,South,M. Delacroix,Pallet Recovery,Services,7,175.90,1231.30,100.74,705.18
2024-07-20,SO-41521,Eastgate Retail,Midlands,S. Whitfield,Insulated Totes,Packaging,9,219.97,1979.73,135.33,1217.97
2024-07-21,SO-41476,Jesmond Supply,North,R. Lindqvist,Insulated Totes,Packaging,8,224.21,1793.68,131.29,1050.32
2024-07-21,SO-41508,Jesmond Supply,North,A. Okafor,Legacy Crates,Storage,14,86.97,1217.58,62.35,872.90
2024-07-22,SO-41501,Quarrywood Foods,Midlands,S. Whitfield,Pallet Recovery,Services,13,167.67,2179.71,99.34,1291.42
2024-07-22,SO-41506,Marchmont Retail,North,A. Okafor,Pallet Recovery,Services,11,167.79,1845.69,99.71,1096.81
2024-07-22,SO-41535,Glenmore Stores,Scotland,T. Buchanan,Recycled Wrap,Packaging,13,38.22,496.86,24.65,320.45
2024-07-23,SO-41495,Zetland Markets,South,M. Delacroix,Recycled Wrap,Packaging,7,37.88,265.16,24.69,172.83
2024-07-23,SO-41526,Ravensdale Markets,Midlands,S. Whitfield,Recycled Wrap,Packaging,6,37.92,227.52,24.21,145.26
2024-07-24,SO-41457,Langdale Foods,South,M. Delacroix,Legacy Crates,Storage,7,84.25,589.75,61.24,428.68
2024-07-24,SO-41485,Penrith Provisions,Scotland,T. Buchanan,Recycled Wrap,Packaging,5,37.56,187.80,24.89,124.45
2024-07-25,SO-41520,Thirlmere Trading,North,R. Lindqvist,Ambient Pallets,Storage,10,140.42,1404.20,90.05,900.50
2024-07-26,SO-41462,Kelvin Trading,Scotland,T. Buchanan,Ambient Pallets,Storage,5,144.86,724.30,90.38,451.90
2024-07-26,SO-41522,Harrowby Markets,South,M. Delacroix,Recycled Wrap,Packaging,10,35.01,350.10,24.98,249.80
2024-07-27,SO-41461,Marchmont Retail,South,M. Delacroix,Pallet Recovery,Services,4,169.39,677.56,99.15,396.60
2024-07-28,SO-41465,Eastgate Retail,South,M. Delacroix,Recycled Wrap,Packaging,9,38.17,343.53,25.22,226.98
2024-07-28,SO-41478,Wetherby Wholesale,North,A. Okafor,Pallet Recovery,Services,4,170.50,682.00,98.64,394.56
2024-07-28,SO-41503,Fenwick Provisions,Scotland,T. Buchanan,Insulated Totes,Packaging,12,215.83,2589.96,131.53,1578.36
2024-07-28,SO-41523,Yarrow Stores,Scotland,T. Buchanan,Ambient Pallets,Storage,13,137.03,1781.39,91.09,1184.17
2024-08-01,SO-41538,Thirlmere Trading,Midlands,S. Whitfield,Pallet Recovery,Services,13,173.17,2251.21,99.78,1297.14
2024-08-01,SO-41549,Dunlin Wholesale,North,A. Okafor,Recycled Wrap,Packaging,10,38.68,386.80,24.29,242.90
2024-08-01,SO-41571,Netherby Group,Midlands,S. Whitfield,Ambient Pallets,Storage,6,147.82,886.92,90.75,544.50
2024-08-01,SO-41580,Glenmore Stores,North,A. Okafor,Ambient Pallets,Storage,6,141.12,846.72,90.20,541.20
2024-08-01,SO-41605,Penrith Provisions,North,A. Okafor,Pallet Recovery,Services,13,155.28,2018.64,97.34,1265.42
2024-08-01,SO-41607,Oakworth Stores,Midlands,S. Whitfield,Recycled Wrap,Packaging,12,36.58,438.96,24.85,298.20
2024-08-02,SO-41540,Eastgate Retail,Midlands,S. Whitfield,Insulated Totes,Packaging,15,213.17,3197.55,129.97,1949.55
2024-08-02,SO-41552,Marchmont Retail,South,M. Delacroix,Ambient Pallets,Storage,7,136.29,954.03,90.52,633.64
2024-08-02,SO-41558,Vale Provisions,North,A. Okafor,Legacy Crates,Storage,9,91.87,826.83,61.63,554.67
2024-08-02,SO-41576,Calder Grocers,North,R. Lindqvist,Insulated Totes,Packaging,4,226.55,906.20,131.09,524.36
2024-08-02,SO-41611,Langdale Foods,Midlands,S. Whitfield,Pallet Recovery,Services,15,170.62,2559.30,98.31,1474.65
2024-08-03,SO-41541,Vale Provisions,North,R. Lindqvist,Pallet Recovery,Services,13,166.98,2170.74,99.11,1288.43
2024-08-03,SO-41579,Braemar Foods,Midlands,S. Whitfield,Ambient Pallets,Storage,8,134.58,1076.64,93.02,744.16
2024-08-03,SO-41583,Yarrow Stores,South,M. Delacroix,Legacy Crates,Storage,11,84.90,933.90,60.44,664.84
2024-08-04,SO-41539,Wetherby Wholesale,North,R. Lindqvist,Legacy Crates,Storage,8,93.06,744.48,63.73,509.84
2024-08-04,SO-41545,Yarrow Stores,North,R. Lindqvist,Legacy Crates,Storage,10,92.22,922.20,61.19,611.90
2024-08-04,SO-41581,Glenmore Stores,South,M. Delacroix,Insulated Totes,Packaging,10,211.36,2113.60,129.65,1296.50
2024-08-04,SO-41602,Oakworth Stores,Midlands,S. Whitfield,Ambient Pallets,Storage,8,147.44,1179.52,90.63,725.04
2024-08-05,SO-41554,Langdale Foods,South,M. Delacroix,Insulated Totes,Packaging,9,217.41,1956.69,136.42,1227.78
2024-08-05,SO-41593,Ilkley Fresh,North,A. Okafor,Pallet Recovery,Services,12,175.66,2107.92,97.00,1164.00
2024-08-05,SO-41604,Thirlmere Trading,South,M. Delacroix,Ambient Pallets,Storage,9,149.23,1343.07,91.51,823.59
2024-08-06,SO-41544,Calder Grocers,Scotland,T. Buchanan,Recycled Wrap,Packaging,10,34.63,346.30,24.92,249.20
2024-08-06,SO-41547,Eastgate Retail,South,M. Delacroix,Recycled Wrap,Packaging,10,36.11,361.10,24.93,249.30
2024-08-07,SO-41536,Selkirk Supply,Scotland,T. Buchanan,Pallet Recovery,Services,12,170.07,2040.84,98.53,1182.36
2024-08-07,SO-41584,Eastgate Retail,Midlands,S. Whitfield,Insulated Totes,Packaging,13,203.16,2641.08,134.99,1754.87
2024-08-07,SO-41592,Braemar Foods,North,A. Okafor,Insulated Totes,Packaging,8,209.33,1674.64,132.65,1061.20
2024-08-07,SO-41608,Fenwick Provisions,Scotland,T. Buchanan,Recycled Wrap,Packaging,13,37.13,482.69,25.05,325.65
2024-08-08,SO-41566,Ilkley Fresh,Midlands,S. Whitfield,Legacy Crates,Storage,7,93.15,652.05,63.07,441.49
2024-08-08,SO-41598,Selkirk Supply,North,R. Lindqvist,Insulated Totes,Packaging,8,209.94,1679.52,132.90,1063.20
2024-08-08,SO-41612,Harrowby Markets,South,M. Delacroix,Ambient Pallets,Storage,6,149.51,897.06,92.42,554.52
2024-08-09,SO-41556,Ullswater Foods,South,M. Delacroix,Ambient Pallets,Storage,8,136.25,1090.00,89.81,718.48
2024-08-09,SO-41600,Calder Grocers,North,A. Okafor,Legacy Crates,Storage,11,88.60,974.60,63.60,699.60
2024-08-10,SO-41562,Penrith Provisions,North,R. Lindqvist,Ambient Pallets,Storage,7,151.89,1063.23,90.69,634.83
2024-08-10,SO-41577,Dunlin Wholesale,Scotland,T. Buchanan,Legacy Crates,Storage,9,88.23,794.07,62.56,563.04
2024-08-10,SO-41578,Marchmont Retail,North,A. Okafor,Pallet Recovery,Services,10,162.69,1626.90,97.51,975.10
2024-08-11,SO-41574,Vale Provisions,North,R. Lindqvist,Legacy Crates,Storage,14,90.03,1260.42,60.98,853.72
2024-08-12,SO-41555,Dunlin Wholesale,Midlands,S. Whitfield,Legacy Crates,Storage,9,89.97,809.73,61.42,552.78
2024-08-12,SO-41573,Ullswater Foods,South,M. Delacroix,Recycled Wrap,Packaging,14,36.70,513.80,24.71,345.94
2024-08-12,SO-41588,Thirlmere Trading,North,R. Lindqvist,Ambient Pallets,Storage,12,143.59,1723.08,91.23,1094.76
2024-08-12,SO-41589,Eastgate Retail,North,R. Lindqvist,Pallet Recovery,Services,8,158.96,1271.68,97.74,781.92
2024-08-12,SO-41596,Calder Grocers,North,R. Lindqvist,Legacy Crates,Storage,1,90.41,90.41,60.85,60.85
2024-08-13,SO-41560,Quarrywood Foods,Scotland,T. Buchanan,Pallet Recovery,Services,4,165.77,663.08,99.19,396.76
2024-08-14,SO-41564,Braemar Foods,Midlands,S. Whitfield,Legacy Crates,Storage,3,86.20,258.60,63.14,189.42
2024-08-14,SO-41599,Netherby Group,North,R. Lindqvist,Chilled Logistics,Services,11,506.66,5573.26,284.74,3132.14
2024-08-15,SO-41537,Ilkley Fresh,North,A. Okafor,Legacy Crates,Storage,9,87.32,785.88,61.46,553.14
2024-08-15,SO-41565,Fenwick Provisions,Midlands,S. Whitfield,Insulated Totes,Packaging,8,207.75,1662.00,134.21,1073.68
2024-08-15,SO-41575,Wetherby Wholesale,Midlands,S. Whitfield,Chilled Logistics,Services,10,489.49,4894.90,281.74,2817.40
2024-08-16,SO-41601,Jesmond Supply,North,R. Lindqvist,Insulated Totes,Packaging,11,223.62,2459.82,131.21,1443.31
2024-08-17,SO-41585,Zetland Markets,Midlands,S. Whitfield,Chilled Logistics,Services,9,475.42,4278.78,282.36,2541.24
2024-08-18,SO-41559,Braemar Foods,Midlands,S. Whitfield,Insulated Totes,Packaging,8,213.03,1704.24,129.17,1033.36
2024-08-18,SO-41567,Kelvin Trading,North,A. Okafor,Recycled Wrap,Packaging,7,34.92,244.44,25.19,176.33
2024-08-18,SO-41603,Selkirk Supply,South,M. Delacroix,Pallet Recovery,Services,16,166.50,2664.00,101.89,1630.24
2024-08-18,SO-41609,Penrith Provisions,South,M. Delacroix,Pallet Recovery,Services,7,170.04,1190.28,98.93,692.51
2024-08-19,SO-41553,Penrith Provisions,South,M. Delacroix,Ambient Pallets,Storage,4,134.71,538.84,93.12,372.48
2024-08-19,SO-41594,Yarrow Stores,Midlands,S. Whitfield,Pallet Recovery,Services,9,164.72,1482.48,101.81,916.29
2024-08-20,SO-41568,Harrowby Markets,North,A. Okafor,Insulated Totes,Packaging,11,228.25,2510.75,132.31,1455.41
2024-08-20,SO-41587,Glenmore Stores,South,M. Delacroix,Pallet Recovery,Services,10,164.33,1643.30,97.78,977.80
2024-08-20,SO-41595,Ravensdale Markets,North,A. Okafor,Pallet Recovery,Services,7,174.16,1219.12,101.97,713.79
2024-08-21,SO-41582,Zetland Markets,Scotland,T. Buchanan,Recycled Wrap,Packaging,6,37.29,223.74,24.53,147.18
2024-08-21,SO-41586,Dunlin Wholesale,Midlands,S. Whitfield,Recycled Wrap,Packaging,8,37.34,298.72,24.05,192.40
2024-08-22,SO-41610,Marchmont Retail,South,M. Delacroix,Pallet Recovery,Services,11,165.71,1822.81,98.26,1080.86
2024-08-23,SO-41543,Zetland Markets,Midlands,S. Whitfield,Ambient Pallets,Storage,6,135.02,810.12,90.97,545.82
2024-08-23,SO-41548,Thirlmere Trading,North,R. Lindqvist,Recycled Wrap,Packaging,2,35.82,71.64,24.49,48.98
2024-08-23,SO-41550,Ullswater Foods,North,R. Lindqvist,Legacy Crates,Storage,15,84.68,1270.20,63.47,952.05
2024-08-24,SO-41563,Fenwick Provisions,South,M. Delacroix,Recycled Wrap,Packaging,10,38.61,386.10,24.45,244.50
2024-08-25,SO-41542,Ravensdale Markets,North,A. Okafor,Legacy Crates,Storage,9,83.87,754.83,63.03,567.27
2024-08-25,SO-41591,Quarrywood Foods,North,R. Lindqvist,Recycled Wrap,Packaging,7,37.13,259.91,24.37,170.59
2024-08-26,SO-41557,Fenwick Provisions,South,M. Delacroix,Insulated Totes,Packaging,14,221.37,3099.18,134.58,1884.12
2024-08-26,SO-41561,Marchmont Retail,North,R. Lindqvist,Pallet Recovery,Services,6,163.58,981.48,99.01,594.06
2024-08-26,SO-41570,Eastgate Retail,North,R. Lindqvist,Ambient Pallets,Storage,7,150.34,1052.38,89.68,627.76
2024-08-26,SO-41597,Eastgate Retail,North,A. Okafor,Ambient Pallets,Storage,15,144.80,2172.00,91.69,1375.35
2024-08-26,SO-41606,Jesmond Supply,Scotland,T. Buchanan,Insulated Totes,Packaging,10,220.09,2200.90,133.66,1336.60
2024-08-27,SO-41569,Penrith Provisions,North,A. Okafor,Pallet Recovery,Services,3,168.27,504.81,100.38,301.14
2024-08-27,SO-41572,Glenmore Stores,North,R. Lindqvist,Pallet Recovery,Services,6,157.12,942.72,101.27,607.62
2024-08-27,SO-41590,Eastgate Retail,North,A. Okafor,Insulated Totes,Packaging,11,216.41,2380.51,133.10,1464.10
2024-08-28,SO-41546,Calder Grocers,Scotland,T. Buchanan,Insulated Totes,Packaging,7,209.39,1465.73,130.43,913.01
2024-08-28,SO-41551,Braemar Foods,Midlands,S. Whitfield,Recycled Wrap,Packaging,4,37.93,151.72,24.01,96.04
2024-09-01,SO-41631,Vale Provisions,North,A. Okafor,Insulated Totes,Packaging,12,206.02,2472.24,136.97,1643.64
2024-09-01,SO-41645,Marchmont Retail,North,R. Lindqvist,Ambient Pallets,Storage,14,135.35,1894.90,93.77,1312.78
2024-09-01,SO-41655,Netherby Group,Scotland,T. Buchanan,Recycled Wrap,Packaging,9,37.38,336.42,24.39,219.51
2024-09-01,SO-41658,Oakworth Stores,Midlands,S. Whitfield,Recycled Wrap,Packaging,9,35.57,320.13,24.51,220.59
2024-09-01,SO-41698,Eastgate Retail,North,A. Okafor,Pallet Recovery,Services,11,172.23,1894.53,98.58,1084.38
2024-09-01,SO-41703,Penrith Provisions,South,M. Delacroix,Insulated Totes,Packaging,13,223.51,2905.63,133.93,1741.09
2024-09-02,SO-41623,Harrowby Markets,North,R. Lindqvist,Insulated Totes,Packaging,9,221.82,1996.38,134.43,1209.87
2024-09-02,SO-41676,Ullswater Foods,South,M. Delacroix,Ambient Pallets,Storage,12,134.51,1614.12,94.08,1128.96
2024-09-02,SO-41677,Langdale Foods,North,R. Lindqvist,Chilled Logistics,Services,8,469.99,3759.92,285.45,2283.60
2024-09-02,SO-41680,Glenmore Stores,South,M. Delacroix,Legacy Crates,Storage,7,88.88,622.16,60.48,423.36
2024-09-02,SO-41700,Ullswater Foods,North,A. Okafor,Chilled Logistics,Services,8,488.46,3907.68,291.06,2328.48
2024-09-02,SO-41701,Netherby Group,Midlands,S. Whitfield,Pallet Recovery,Services,7,158.44,1109.08,97.84,684.88
2024-09-03,SO-41650,Ilkley Fresh,North,R. Lindqvist,Insulated Totes,Packaging,12,220.72,2648.64,131.50,1578.00
2024-09-03,SO-41661,Selkirk Supply,North,R. Lindqvist,Ambient Pallets,Storage,12,141.18,1694.16,93.10,1117.20
2024-09-03,SO-41692,Jesmond Supply,South,M. Delacroix,Chilled Logistics,Services,7,461.19,3228.33,286.49,2005.43
2024-09-04,SO-41642,Fenwick Provisions,North,R. Lindqvist,Pallet Recovery,Services,10,174.38,1743.80,96.98,969.80
2024-09-04,SO-41654,Zetland Markets,North,A. Okafor,Ambient Pallets,Storage,11,135.73,1493.03,90.89,999.79
2024-09-04,SO-41673,Netherby Group,South,M. Delacroix,Legacy Crates,Storage,4,85.57,342.28,62.69,250.76
2024-09-05,SO-41638,Yarrow Stores,South,M. Delacroix,Ambient Pallets,Storage,8,148.02,1184.16,91.22,729.76
2024-09-05,SO-41648,Netherby Group,North,A. Okafor,Recycled Wrap,Packaging,7,36.83,257.81,24.37,170.59
2024-09-05,SO-41651,Vale Provisions,North,A. Okafor,Recycled Wrap,Packaging,2,37.74,75.48,24.78,49.56
2024-09-05,SO-41663,Langdale Foods,North,R. Lindqvist,Pallet Recovery,Services,8,166.76,1334.08,99.46,795.68
2024-09-05,SO-41678,Ullswater Foods,North,A. Okafor,Insulated Totes,Packaging,11,220.31,2423.41,131.37,1445.07
2024-09-05,SO-41702,Ravensdale Markets,Scotland,T. Buchanan,Pallet Recovery,Services,7,175.58,1229.06,96.09,672.63
2024-09-06,SO-41635,Penrith Provisions,Midlands,S. Whitfield,Ambient Pallets,Storage,5,149.50,747.50,89.95,449.75
2024-09-06,SO-41644,Selkirk Supply,North,R. Lindqvist,Ambient Pallets,Storage,18,149.25,2686.50,94.45,1700.10
2024-09-07,SO-41682,Glenmore Stores,North,A. Okafor,Recycled Wrap,Packaging,3,35.56,106.68,24.06,72.18
2024-09-07,SO-41690,Ravensdale Markets,South,M. Delacroix,Recycled Wrap,Packaging,12,38.69,464.28,24.54,294.48
2024-09-08,SO-41653,Wetherby Wholesale,Midlands,S. Whitfield,Insulated Totes,Packaging,4,216.93,867.72,130.15,520.60
2024-09-09,SO-41659,Selkirk Supply,North,A. Okafor,Recycled Wrap,Packaging,19,34.46,654.74,24.79,471.01
2024-09-09,SO-41674,Braemar Foods,South,M. Delacroix,Recycled Wrap,Packaging,8,36.59,292.72,25.07,200.56
2024-09-09,SO-41685,Ravensdale Markets,Midlands,S. Whitfield,Pallet Recovery,Services,11,164.99,1814.89,96.29,1059.19
2024-09-09,SO-41691,Glenmore Stores,North,A. Okafor,Pallet Recovery,Services,10,155.15,1551.50,98.44,984.40
2024-09-10,SO-41628,Jesmond Supply,South,M. Delacroix,Legacy Crates,Storage,10,90.76,907.60,61.02,610.20
2024-09-10,SO-41668,Calder Grocers,Midlands,S. Whitfield,Ambient Pallets,Storage,9,139.18,1252.62,92.04,828.36
2024-09-10,SO-41699,Ravensdale Markets,Midlands,S. Whitfield,Legacy Crates,Storage,5,90.79,453.95,61.59,307.95
2024-09-11,SO-41613,Ullswater Foods,Scotland,T. Buchanan,Insulated Totes,Packaging,13,214.17,2784.21,130.70,1699.10
2024-09-11,SO-41614,Zetland Markets,Midlands,S. Whitfield,Ambient Pallets,Storage,7,135.32,947.24,90.00,630.00
2024-09-11,SO-41660,Eastgate Retail,Scotland,T. Buchanan,Recycled Wrap,Packaging,9,38.43,345.87,24.61,221.49
2024-09-12,SO-41620,Glenmore Stores,North,R. Lindqvist,Ambient Pallets,Storage,11,137.76,1515.36,93.97,1033.67
2024-09-12,SO-41633,Ullswater Foods,North,A. Okafor,Pallet Recovery,Services,13,167.17,2173.21,96.28,1251.64
2024-09-13,SO-41666,Dunlin Wholesale,Midlands,S. Whitfield,Pallet Recovery,Services,5,162.89,814.45,97.87,489.35
2024-09-14,SO-41634,Langdale Foods,South,M. Delacroix,Recycled Wrap,Packaging,14,37.80,529.20,24.74,346.36
2024-09-14,SO-41636,Ilkley Fresh,South,M. Delacroix,Recycled Wrap,Packaging,7,37.54,262.78,25.15,176.05
2024-09-16,SO-41687,Netherby Group,South,M. Delacroix,Recycled Wrap,Packaging,5,36.75,183.75,25.11,125.55
2024-09-16,SO-41697,Ullswater Foods,Scotland,T. Buchanan,Ambient Pallets,Storage,10,150.05,1500.50,94.12,941.20
2024-09-17,SO-41686,Zetland Markets,Midlands,S. Whitfield,Recycled Wrap,Packaging,12,38.40,460.80,23.90,286.80
2024-09-18,SO-41626,Zetland Markets,South,M. Delacroix,Recycled Wrap,Packaging,10,36.27,362.70,24.77,247.70
2024-09-18,SO-41639,Kelvin Trading,South,M. Delacroix,Legacy Crates,Storage,18,85.10,1531.80,61.86,1113.48
2024-09-18,SO-41657,Thirlmere Trading,North,R. Lindqvist,Chilled Logistics,Services,6,493.20,2959.20,296.01,1776.06
2024-09-19,SO-41637,Harrowby Markets,North,A. Okafor,Recycled Wrap,Packaging,11,36.31,399.41,23.99,263.89
2024-09-19,SO-41640,Zetland Markets,South,M. Delacroix,Legacy Crates,Storage,4,85.69,342.76,60.34,241.36
2024-09-19,SO-41694,Ilkley Fresh,North,A. Okafor,Pallet Recovery,Services,9,155.57,1400.13,100.42,903.78
2024-09-19,SO-41696,Jesmond Supply,South,M. Delacroix,Recycled Wrap,Packaging,11,37.34,410.74,24.93,274.23
2024-09-20,SO-41641,Eastgate Retail,North,A. Okafor,Insulated Totes,Packaging,8,221.51,1772.08,132.91,1063.28
2024-09-20,SO-41669,Vale Provisions,South,M. Delacroix,Insulated Totes,Packaging,7,221.72,1552.04,129.39,905.73
2024-09-21,SO-41647,Netherby Group,Scotland,T. Buchanan,Recycled Wrap,Packaging,12,37.25,447.00,24.39,292.68
2024-09-21,SO-41652,Fenwick Provisions,South,M. Delacroix,Recycled Wrap,Packaging,6,37.40,224.40,25.35,152.10
2024-09-21,SO-41670,Vale Provisions,Midlands,S. Whitfield,Recycled Wrap,Packaging,2,37.45,74.90,25.08,50.16
2024-09-22,SO-41622,Penrith Provisions,North,R. Lindqvist,Legacy Crates,Storage,13,86.54,1125.02,60.11,781.43
2024-09-22,SO-41649,Calder Grocers,South,M. Delacroix,Insulated Totes,Packaging,6,219.27,1315.62,129.55,777.30
2024-09-22,SO-41662,Yarrow Stores,North,R. Lindqvist,Chilled Logistics,Services,13,490.41,6375.33,291.79,3793.27
2024-09-23,SO-41617,Ravensdale Markets,North,A. Okafor,Recycled Wrap,Packaging,11,37.32,410.52,24.33,267.63
2024-09-23,SO-41621,Netherby Group,South,M. Delacroix,Chilled Logistics,Services,5,469.24,2346.20,295.63,1478.15
2024-09-23,SO-41664,Ullswater Foods,South,M. Delacroix,Ambient Pallets,Storage,5,150.73,753.65,92.54,462.70
2024-09-23,SO-41667,Eastgate Retail,South,M. Delacroix,Pallet Recovery,Services,9,173.89,1565.01,97.06,873.54
2024-09-23,SO-41688,Glenmore Stores,Midlands,S. Whitfield,Legacy Crates,Storage,13,85.68,1113.84,61.27,796.51
2024-09-24,SO-41616,Netherby Group,Midlands,S. Whitfield,Recycled Wrap,Packaging,8,37.96,303.68,24.15,193.20
2024-09-24,SO-41619,Dunlin Wholesale,Scotland,T. Buchanan,Legacy Crates,Storage,8,85.12,680.96,63.19,505.52
2024-09-24,SO-41625,Selkirk Supply,North,A. Okafor,Insulated Totes,Packaging,11,214.10,2355.10,129.41,1423.51
2024-09-24,SO-41629,Wetherby Wholesale,Midlands,S. Whitfield,Pallet Recovery,Services,8,175.16,1401.28,101.66,813.28
2024-09-24,SO-41643,Oakworth Stores,South,M. Delacroix,Ambient Pallets,Storage,10,142.83,1428.30,89.73,897.30
2024-09-24,SO-41689,Oakworth Stores,South,M. Delacroix,Ambient Pallets,Storage,12,135.95,1631.40,92.24,1106.88
2024-09-25,SO-41618,Eastgate Retail,South,M. Delacroix,Legacy Crates,Storage,6,89.59,537.54,62.32,373.92
2024-09-25,SO-41679,Glenmore Stores,North,R. Lindqvist,Pallet Recovery,Services,8,170.63,1365.04,101.95,815.60
2024-09-25,SO-41683,Ravensdale Markets,South,M. Delacroix,Chilled Logistics,Services,7,478.59,3350.13,296.63,2076.41
2024-09-26,SO-41624,Eastgate Retail,Midlands,S. Whitfield,Insulated Totes,Packaging,13,228.56,2971.28,132.55,1723.15
2024-09-26,SO-41627,Fenwick Provisions,North,R. Lindqvist,Legacy Crates,Storage,6,88.91,533.46,62.21,373.26
2024-09-26,SO-41656,Ravensdale Markets,North,A. Okafor,Insulated Totes,Packaging,4,211.41,845.64,135.50,542.00
2024-09-26,SO-41672,Vale Provisions,South,M. Delacroix,Ambient Pallets,Storage,4,141.14,564.56,95.01,380.04
2024-09-26,SO-41675,Oakworth Stores,South,M. Delacroix,Ambient Pallets,Storage,7,144.51,1011.57,90.12,630.84
2024-09-26,SO-41684,Kelvin Trading,North,A. Okafor,Chilled Logistics,Services,9,468.62,4217.58,289.67,2607.03
2024-09-27,SO-41615,Calder Grocers,North,R. Lindqvist,Pallet Recovery,Services,6,169.04,1014.24,96.27,577.62
2024-09-27,SO-41630,Ilkley Fresh,North,R. Lindqvist,Pallet Recovery,Services,9,164.89,1484.01,99.81,898.29
2024-09-27,SO-41632,Harrowby Markets,Midlands,S. Whitfield,Recycled Wrap,Packaging,7,36.80,257.60,24.95,174.65
2024-09-27,SO-41646,Harrowby Markets,South,M. Delacroix,Insulated Totes,Packaging,10,209.92,2099.20,132.29,1322.90
2024-09-27,SO-41693,Langdale Foods,North,A. Okafor,Recycled Wrap,Packaging,9,36.35,327.15,24.78,223.02
2024-09-28,SO-41665,Oakworth Stores,North,A. Okafor,Chilled Logistics,Services,9,494.49,4450.41,283.00,2547.00
2024-09-28,SO-41671,Ullswater Foods,North,R. Lindqvist,Recycled Wrap,Packaging,15,37.50,562.50,23.94,359.10
2024-09-28,SO-41681,Marchmont Retail,South,M. Delacroix,Ambient Pallets,Storage,11,134.59,1480.49,93.19,1025.09
2024-09-28,SO-41695,Yarrow Stores,South,M. Delacroix,Pallet Recovery,Services,6,163.23,979.38,99.64,597.84
2024-10-01,SO-41706,Fenwick Provisions,South,M. Delacroix,Ambient Pallets,Storage,13,150.63,1958.19,90.27,1173.51
2024-10-01,SO-41709,Langdale Foods,Midlands,S. Whitfield,Insulated Totes,Packaging,8,214.55,1716.40,130.62,1044.96
2024-10-01,SO-41741,Fenwick Provisions,South,M. Delacroix,Recycled Wrap,Packaging,11,38.62,424.82,25.09,275.99
2024-10-01,SO-41784,Penrith Provisions,Scotland,T. Buchanan,Insulated Totes,Packaging,5,216.15,1080.75,129.86,649.30
2024-10-01,SO-41795,Ravensdale Markets,Scotland,T. Buchanan,Pallet Recovery,Services,13,175.24,2278.12,98.31,1278.03
2024-10-02,SO-41705,Langdale Foods,South,M. Delacroix,Recycled Wrap,Packaging,9,36.93,332.37,24.47,220.23
2024-10-02,SO-41787,Harrowby Markets,North,R. Lindqvist,Pallet Recovery,Services,12,163.86,1966.32,96.49,1157.88
2024-10-04,SO-41752,Oakworth Stores,Midlands,S. Whitfield,Pallet Recovery,Services,14,155.87,2182.18,101.76,1424.64
2024-10-04,SO-41801,Marchmont Retail,South,M. Delacroix,Chilled Logistics,Services,5,503.67,2518.35,296.22,1481.10
2024-10-05,SO-41720,Jesmond Supply,North,R. Lindqvist,Insulated Totes,Packaging,15,204.73,3070.95,135.92,2038.80
2024-10-05,SO-41742,Langdale Foods,Scotland,T. Buchanan,Pallet Recovery,Services,9,166.00,1494.00,97.53,877.77
2024-10-05,SO-41744,Braemar Foods,Midlands,S. Whitfield,Insulated Totes,Packaging,9,205.80,1852.20,134.13,1207.17
2024-10-05,SO-41760,Eastgate Retail,Scotland,T. Buchanan,Insulated Totes,Packaging,8,227.83,1822.64,131.85,1054.80
2024-10-05,SO-41762,Zetland Markets,South,M. Delacroix,Chilled Logistics,Services,3,454.95,1364.85,287.10,861.30
2024-10-05,SO-41782,Vale Provisions,South,M. Delacroix,Pallet Recovery,Services,6,163.41,980.46,98.51,591.06
2024-10-05,SO-41789,Ilkley Fresh,Scotland,T. Buchanan,Recycled Wrap,Packaging,5,36.26,181.30,25.18,125.90
2024-10-05,SO-41796,Yarrow Stores,North,A. Okafor,Recycled Wrap,Packaging,8,38.20,305.60,25.25,202.00
2024-10-06,SO-41716,Fenwick Provisions,South,M. Delacroix,Insulated Totes,Packaging,11,222.77,2450.47,134.31,1477.41
2024-10-07,SO-41707,Thirlmere Trading,Midlands,S. Whitfield,Pallet Recovery,Services,9,160.55,1444.95,101.19,910.71
2024-10-07,SO-41712,Dunlin Wholesale,South,M. Delacroix,Legacy Crates,Storage,4,94.61,378.44,60.69,242.76
2024-10-08,SO-41728,Harrowby Markets,North,A. Okafor,Pallet Recovery,Services,7,169.03,1183.21,101.12,707.84
2024-10-08,SO-41740,Marchmont Retail,North,A. Okafor,Recycled Wrap,Packaging,10,38.55,385.50,23.89,238.90
2024-10-08,SO-41746,Marchmont Retail,Scotland,T. Buchanan,Pallet Recovery,Services,7,169.78,1188.46,98.19,687.33
2024-10-09,SO-41755,Vale Provisions,South,M. Delacroix,Recycled Wrap,Packaging,3,36.01,108.03,24.70,74.10
2024-10-09,SO-41763,Vale Provisions,North,A. Okafor,Recycled Wrap,Packaging,7,37.50,262.50,24.04,168.28
2024-10-09,SO-41765,Thirlmere Trading,North,A. Okafor,Recycled Wrap,Packaging,9,36.02,324.18,24.28,218.52
2024-10-10,SO-41743,Fenwick Provisions,Midlands,S. Whitfield,Legacy Crates,Storage,7,84.36,590.52,62.05,434.35
2024-10-10,SO-41791,Eastgate Retail,South,M. Delacroix,Legacy Crates,Storage,9,88.75,798.75,62.09,558.81
2024-10-11,SO-41708,Oakworth Stores,Midlands,S. Whitfield,Recycled Wrap,Packaging,11,36.16,397.76,24.68,271.48
2024-10-11,SO-41725,Eastgate Retail,North,R. Lindqvist,Ambient Pallets,Storage,8,134.37,1074.96,89.69,717.52
2024-10-11,SO-41773,Ravensdale Markets,North,R. Lindqvist,Legacy Crates,Storage,5,89.28,446.40,63.42,317.10
2024-10-12,SO-41704,Ravensdale Markets,South,M. Delacroix,Ambient Pallets,Storage,9,136.55,1228.95,92.23,830.07
2024-10-12,SO-41727,Marchmont Retail,South,M. Delacroix,Recycled Wrap,Packaging,2,38.04,76.08,24.60,49.20
2024-10-12,SO-41748,Fenwick Provisions,North,A. Okafor,Pallet Recovery,Services,9,165.48,1489.32,96.86,871.74
2024-10-12,SO-41751,Thirlmere Trading,Scotland,T. Buchanan,Pallet Recovery,Services,5,164.01,820.05,99.83,499.15
2024-10-13,SO-41739,Jesmond Supply,North,A. Okafor,Pallet Recovery,Services,18,166.53,2997.54,98.49,1772.82
2024-10-14,SO-41717,Thirlmere Trading,Midlands,S. Whitfield,Insulated Totes,Packaging,16,213.85,3421.60,130.56,2088.96
2024-10-14,SO-41749,Oakworth Stores,North,A. Okafor,Chilled Logistics,Services,14,456.74,6394.36,281.18,3936.52
2024-10-15,SO-41772,Jesmond Supply,South,M. Delacroix,Recycled Wrap,Packaging,9,36.14,325.26,25.28,227.52
2024-10-15,SO-41788,Wetherby Wholesale,North,A. Okafor,Legacy Crates,Storage,5,90.17,450.85,63.62,318.10
2024-10-16,SO-41757,Braemar Foods,Midlands,S. Whitfield,Ambient Pallets,Storage,10,150.96,1509.60,94.02,940.20
2024-10-16,SO-41779,Harrowby Markets,North,R. Lindqvist,Insulated Totes,Packaging,13,222.38,2890.94,135.54,1762.02
2024-10-17,SO-41718,Ilkley Fresh,North,R. Lindqvist,Ambient Pallets,Storage,4,147.38,589.52,93.48,373.92
2024-10-17,SO-41729,Ilkley Fresh,South,M. Delacroix,Recycled Wrap,Packaging,9,34.95,314.55,24.34,219.06
2024-10-17,SO-41756,Wetherby Wholesale,North,A. Okafor,Chilled Logistics,Services,8,453.30,3626.40,283.20,2265.60
2024-10-17,SO-41780,Eastgate Retail,North,R. Lindqvist,Chilled Logistics,Services,5,509.20,2546.00,295.56,1477.80
2024-10-17,SO-41786,Vale Provisions,Midlands,S. Whitfield,Recycled Wrap,Packaging,8,34.13,273.04,24.27,194.16
2024-10-17,SO-41798,Penrith Provisions,South,M. Delacroix,Insulated Totes,Packaging,1,210.52,210.52,130.71,130.71
2024-10-18,SO-41750,Selkirk Supply,Midlands,S. Whitfield,Pallet Recovery,Services,11,158.49,1743.39,99.76,1097.36
2024-10-18,SO-41792,Dunlin Wholesale,South,M. Delacroix,Recycled Wrap,Packaging,12,36.03,432.36,24.98,299.76
2024-10-19,SO-41715,Ravensdale Markets,North,R. Lindqvist,Pallet Recovery,Services,1,158.94,158.94,100.64,100.64
2024-10-19,SO-41794,Vale Provisions,Midlands,S. Whitfield,Ambient Pallets,Storage,10,141.35,1413.50,95.06,950.60
2024-10-19,SO-41797,Kelvin Trading,South,M. Delacroix,Recycled Wrap,Packaging,7,34.15,239.05,24.93,174.51
2024-10-20,SO-41767,Calder Grocers,North,A. Okafor,Recycled Wrap,Packaging,11,35.95,395.45,24.27,266.97
2024-10-20,SO-41776,Langdale Foods,South,M. Delacroix,Pallet Recovery,Services,9,170.91,1538.19,99.37,894.33
2024-10-21,SO-41723,Jesmond Supply,South,M. Delacroix,Pallet Recovery,Services,7,170.13,1190.91,97.96,685.72
2024-10-21,SO-41731,Jesmond Supply,North,A. Okafor,Recycled Wrap,Packaging,13,38.21,496.73,23.97,311.61
2024-10-21,SO-41758,Kelvin Trading,Midlands,S. Whitfield,Recycled Wrap,Packaging,5,35.41,177.05,25.35,126.75
2024-10-21,SO-41761,Marchmont Retail,Scotland,T. Buchanan,Recycled Wrap,Packaging,3,34.96,104.88,24.91,74.73
2024-10-21,SO-41764,Wetherby Wholesale,North,A. Okafor,Recycled Wrap,Packaging,10,38.14,381.40,24.36,243.60
2024-10-21,SO-41766,Ullswater Foods,North,R. Lindqvist,Legacy Crates,Storage,10,86.71,867.10,60.28,602.80
2024-10-21,SO-41770,Langdale Foods,North,A. Okafor,Ambient Pallets,Storage,10,133.57,1335.70,90.18,901.80
2024-10-21,SO-41783,Harrowby Markets,North,R. Lindqvist,Pallet Recovery,Services,11,164.93,1814.23,97.22,1069.42
2024-10-21,SO-41790,Quarrywood Foods,Midlands,S. Whitfield,Chilled Logistics,Services,9,502.64,4523.76,295.53,2659.77
2024-10-22,SO-41733,Langdale Foods,Scotland,T. Buchanan,Insulated Totes,Packaging,6,216.31,1297.86,131.98,791.88
2024-10-22,SO-41738,Glenmore Stores,North,A. Okafor,Insulated Totes,Packaging,14,210.73,2950.22,135.58,1898.12
2024-10-22,SO-41747,Ravensdale Markets,Midlands,S. Whitfield,Insulated Totes,Packaging,7,209.77,1468.39,131.76,922.32
2024-10-22,SO-41768,Braemar Foods,South,M. Delacroix,Ambient Pallets,Storage,13,147.97,1923.61,93.53,1215.89
2024-10-23,SO-41719,Vale Provisions,South,M. Delacroix,Recycled Wrap,Packaging,8,37.27,298.16,24.63,197.04
2024-10-23,SO-41726,Eastgate Retail,South,M. Delacroix,Ambient Pallets,Storage,10,145.43,1454.30,90.17,901.70
2024-10-23,SO-41732,Kelvin Trading,South,M. Delacroix,Ambient Pallets,Storage,7,137.92,965.44,92.01,644.07
2024-10-23,SO-41771,Thirlmere Trading,Midlands,S. Whitfield,Ambient Pallets,Storage,16,139.27,2228.32,91.76,1468.16
2024-10-23,SO-41775,Fenwick Provisions,Midlands,S. Whitfield,Recycled Wrap,Packaging,6,36.00,216.00,24.62,147.72
2024-10-23,SO-41777,Yarrow Stores,North,R. Lindqvist,Chilled Logistics,Services,10,490.40,4904.00,292.20,2922.00
2024-10-23,SO-41778,Vale Provisions,Midlands,S. Whitfield,Recycled Wrap,Packaging,9,37.80,340.20,24.37,219.33
2024-10-23,SO-41799,Selkirk Supply,Midlands,S. Whitfield,Ambient Pallets,Storage,11,148.09,1628.99,94.64,1041.04
2024-10-24,SO-41710,Glenmore Stores,South,M. Delacroix,Insulated Totes,Packaging,6,227.64,1365.84,133.89,803.34
2024-10-24,SO-41711,Glenmore Stores,South,M. Delacroix,Recycled Wrap,Packaging,8,35.63,285.04,24.75,198.00
2024-10-24,SO-41721,Netherby Group,North,R. Lindqvist,Insulated Totes,Packaging,8,219.23,1753.84,129.76,1038.08
2024-10-24,SO-41734,Penrith Provisions,South,M. Delacroix,Legacy Crates,Storage,4,90.81,363.24,62.48,249.92
2024-10-24,SO-41736,Wetherby Wholesale,Scotland,T. Buchanan,Ambient Pallets,Storage,13,148.10,1925.30,94.88,1233.44
2024-10-24,SO-41800,Ilkley Fresh,Scotland,T. Buchanan,Recycled Wrap,Packaging,11,35.06,385.66,25.13,276.43
2024-10-25,SO-41714,Thirlmere Trading,South,M. Delacroix,Pallet Recovery,Services,13,174.15,2263.95,97.14,1262.82
2024-10-25,SO-41735,Penrith Provisions,Midlands,S. Whitfield,Insulated Totes,Packaging,6,207.22,1243.32,131.30,787.80
2024-10-25,SO-41745,Yarrow Stores,South,M. Delacroix,Pallet Recovery,Services,8,175.81,1406.48,97.10,776.80
2024-10-25,SO-41759,Eastgate Retail,South,M. Delacroix,Pallet Recovery,Services,9,162.25,1460.25,101.44,912.96
2024-10-25,SO-41774,Dunlin Wholesale,Midlands,S. Whitfield,Ambient Pallets,Storage,7,136.65,956.55,92.48,647.36
2024-10-25,SO-41781,Selkirk Supply,North,R. Lindqvist,Chilled Logistics,Services,8,488.90,3911.20,288.02,2304.16
2024-10-26,SO-41713,Penrith Provisions,Scotland,T. Buchanan,Recycled Wrap,Packaging,5,35.75,178.75,24.53,122.65
2024-10-26,SO-41722,Calder Grocers,North,A. Okafor,Recycled Wrap,Packaging,10,36.16,361.60,23.93,239.30
2024-10-26,SO-41754,Glenmore Stores,Midlands,S. Whitfield,Ambient Pallets,Storage,5,133.70,668.50,92.84,464.20
2024-10-26,SO-41785,Yarrow Stores,South,M. Delacroix,Pallet Recovery,Services,6,160.71,964.26,99.23,595.38
2024-10-27,SO-41730,Ullswater Foods,North,R. Lindqvist,Ambient Pallets,Storage,7,148.59,1040.13,92.61,648.27
2024-10-27,SO-41769,Glenmore Stores,Scotland,T. Buchanan,Chilled Logistics,Services,4,510.80,2043.20,294.94,1179.76
2024-10-28,SO-41724,Harrowby Markets,South,M. Delacroix,Ambient Pallets,Storage,8,133.69,1069.52,91.33,730.64
2024-10-28,SO-41737,Fenwick Provisions,South,M. Delacroix,Insulated Totes,Packaging,7,225.22,1576.54,131.11,917.77
2024-10-28,SO-41753,Penrith Provisions,North,A. Okafor,Ambient Pallets,Storage,9,149.82,1348.38,89.79,808.11
2024-10-28,SO-41793,Yarrow Stores,North,R. Lindqvist,Pallet Recovery,Services,12,169.57,2034.84,97.07,1164.84
2024-11-01,SO-41808,Yarrow Stores,South,M. Delacroix,Insulated Totes,Packaging,9,224.26,2018.34,130.71,1176.39
2024-11-01,SO-41885,Ravensdale Markets,Midlands,S. Whitfield,Ambient Pallets,Storage,9,142.28,1280.52,93.52,841.68
2024-11-01,SO-41913,Harrowby Markets,Midlands,S. Whitfield,Insulated Totes,Packaging,7,212.84,1489.88,131.50,920.50
2024-11-02,SO-41861,Zetland Markets,North,A. Okafor,Recycled Wrap,Packaging,9,38.33,344.97,23.90,215.10
2024-11-02,SO-41881,Braemar Foods,North,A. Okafor,Insulated Totes,Packaging,12,220.06,2640.72,136.33,1635.96
2024-11-02,SO-41898,Selkirk Supply,North,R. Lindqvist,Legacy Crates,Storage,11,86.19,948.09,61.68,678.48
2024-11-03,SO-41867,Yarrow Stores,North,A. Okafor,Recycled Wrap,Packaging,6,38.48,230.88,25.20,151.20
2024-11-03,SO-41871,Marchmont Retail,North,A. Okafor,Insulated Totes,Packaging,6,206.72,1240.32,129.44,776.64
2024-11-04,SO-41860,Kelvin Trading,Midlands,S. Whitfield,Insulated Totes,Packaging,8,208.26,1666.08,133.28,1066.24
2024-11-04,SO-41874,Selkirk Supply,Midlands,S. Whitfield,Chilled Logistics,Services,5,490.32,2451.60,292.78,1463.90
2024-11-04,SO-41880,Jesmond Supply,South,M. Delacroix,Insulated Totes,Packaging,12,207.29,2487.48,137.07,1644.84
2024-11-04,SO-41905,Zetland Markets,Midlands,S. Whitfield,Pallet Recovery,Services,13,172.78,2246.14,101.49,1319.37
2024-11-05,SO-41856,Harrowby Markets,Midlands,S. Whitfield,Recycled Wrap,Packaging,13,35.52,461.76,24.87,323.31
2024-11-05,SO-41875,Jesmond Supply,South,M. Delacroix,Recycled Wrap,Packaging,8,37.35,298.80,24.56,196.48
2024-11-05,SO-41888,Langdale Foods,South,M. Delacroix,Ambient Pallets,Storage,9,142.89,1286.01,91.85,826.65
2024-11-05,SO-41891,Penrith Provisions,North,R. Lindqvist,Pallet Recovery,Services,14,162.21,2270.94,100.50,1407.00
2024-11-06,SO-41812,Glenmore Stores,South,M. Delacroix,Recycled Wrap,Packaging,13,34.97,454.61,25.33,329.29
2024-11-06,SO-41818,Dunlin Wholesale,Midlands,S. Whitfield,Chilled Logistics,Services,13,469.06,6097.78,286.50,3724.50
2024-11-06,SO-41830,Jesmond Supply,North,A. Okafor,Recycled Wrap,Packaging,7,36.57,255.99,24.30,170.10
2024-11-06,SO-41862,Jesmond Supply,North,R. Lindqvist,Chilled Logistics,Services,9,453.95,4085.55,287.30,2585.70
2024-11-07,SO-41820,Thirlmere Trading,Scotland,T. Buchanan,Recycled Wrap,Packaging,9,36.66,329.94,24.86,223.74
2024-11-07,SO-41841,Eastgate Retail,North,R. Lindqvist,Legacy Crates,Storage,6,88.31,529.86,63.41,380.46
2024-11-07,SO-41886,Netherby Group,North,R. Lindqvist,Insulated Totes,Packaging,7,205.00,1435.00,136.35,954.45
2024-11-07,SO-41893,Kelvin Trading,Scotland,T. Buchanan,Recycled Wrap,Packaging,4,38.35,153.40,24.04,96.16
2024-11-07,SO-41894,Oakworth Stores,South,M. Delacroix,Ambient Pallets,Storage,3,134.97,404.91,90.71,272.13
2024-11-08,SO-41827,Yarrow Stores,North,R. Lindqvist,Recycled Wrap,Packaging,13,36.64,476.32,24.02,312.26
2024-11-08,SO-41834,Kelvin Trading,Scotland,T. Buchanan,Pallet Recovery,Services,2,162.07,324.14,96.62,193.24
2024-11-08,SO-41864,Eastgate Retail,North,R. Lindqvist,Pallet Recovery,Services,12,168.35,2020.20,99.68,1196.16
2024-11-09,SO-41899,Oakworth Stores,North,R. Lindqvist,Ambient Pallets,Storage,8,134.44,1075.52,94.33,754.64
2024-11-09,SO-41912,Kelvin Trading,South,M. Delacroix,Pallet Recovery,Services,5,160.15,800.75,96.65,483.25
2024-11-10,SO-41802,Eastgate Retail,North,A. Okafor,Pallet Recovery,Services,10,157.86,1578.60,99.37,993.70
2024-11-10,SO-41810,Yarrow Stores,Scotland,T. Buchanan,Recycled Wrap,Packaging,6,35.31,211.86,24.06,144.36
2024-11-10,SO-41815,Zetland Markets,North,A. Okafor,Recycled Wrap,Packaging,5,35.06,175.30,24.42,122.10
2024-11-10,SO-41831,Vale Provisions,Midlands,S. Whitfield,Pallet Recovery,Services,8,166.17,1329.36,98.55,788.40
2024-11-11,SO-41833,Oakworth Stores,Midlands,S. Whitfield,Recycled Wrap,Packaging,3,35.72,107.16,24.72,74.16
2024-11-11,SO-41845,Eastgate Retail,South,M. Delacroix,Chilled Logistics,Services,7,475.94,3331.58,292.49,2047.43
2024-11-11,SO-41876,Langdale Foods,Midlands,S. Whitfield,Insulated Totes,Packaging,11,228.90,2517.90,134.40,1478.40
2024-11-11,SO-41914,Dunlin Wholesale,North,A. Okafor,Pallet Recovery,Services,7,162.62,1138.34,100.41,702.87
2024-11-12,SO-41817,Fenwick Provisions,North,A. Okafor,Legacy Crates,Storage,9,86.69,780.21,63.63,572.67
2024-11-12,SO-41836,Dunlin Wholesale,North,R. Lindqvist,Legacy Crates,Storage,13,91.95,1195.35,61.69,801.97
2024-11-12,SO-41840,Penrith Provisions,North,A. Okafor,Pallet Recovery,Services,8,156.12,1248.96,98.00,784.00
2024-11-12,SO-41866,Netherby Group,South,M. Delacroix,Chilled Logistics,Services,7,453.28,3172.96,280.40,1962.80
2024-11-13,SO-41855,Yarrow Stores,North,A. Okafor,Insulated Totes,Packaging,5,203.60,1018.00,135.49,677.45
2024-11-13,SO-41865,Zetland Markets,Scotland,T. Buchanan,Legacy Crates,Storage,7,84.04,588.28,63.07,441.49
2024-11-13,SO-41883,Penrith Provisions,Midlands,S. Whitfield,Ambient Pallets,Storage,11,144.30,1587.30,92.84,1021.24
2024-11-13,SO-41887,Braemar Foods,North,A. Okafor,Recycled Wrap,Packaging,6,38.00,228.00,24.91,149.46
2024-11-13,SO-41889,Marchmont Retail,Midlands,S. Whitfield,Insulated Totes,Packaging,9,229.38,2064.42,130.06,1170.54
2024-11-13,SO-41906,Eastgate Retail,Scotland,T. Buchanan,Chilled Logistics,Services,7,512.16,3585.12,289.14,2023.98
2024-11-14,SO-41839,Fenwick Provisions,South,M. Delacroix,Chilled Logistics,Services,5,489.79,2448.95,294.96,1474.80
2024-11-14,SO-41857,Netherby Group,Midlands,S. Whitfield,Ambient Pallets,Storage,9,150.36,1353.24,92.59,833.31
2024-11-15,SO-41822,Netherby Group,South,M. Delacroix,Recycled Wrap,Packaging,9,37.93,341.37,24.52,220.68
2024-11-15,SO-41826,Harrowby Markets,Midlands,S. Whitfield,Recycled Wrap,Packaging,11,38.09,418.99,24.12,265.32
2024-11-15,SO-41832,Dunlin Wholesale,Scotland,T. Buchanan,Recycled Wrap,Packaging,10,36.75,367.50,24.87,248.70
2024-11-15,SO-41882,Ravensdale Markets,South,M. Delacroix,Insulated Totes,Packaging,8,226.17,1809.36,133.87,1070.96
2024-11-15,SO-41895,Langdale Foods,Midlands,S. Whitfield,Insulated Totes,Packaging,10,226.56,2265.60,131.86,1318.60
2024-11-16,SO-41803,Fenwick Provisions,North,R. Lindqvist,Chilled Logistics,Services,11,453.61,4989.71,294.82,3243.02
2024-11-16,SO-41804,Harrowby Markets,Midlands,S. Whitfield,Recycled Wrap,Packaging,7,36.20,253.40,25.05,175.35
2024-11-16,SO-41837,Calder Grocers,Midlands,S. Whitfield,Pallet Recovery,Services,8,168.41,1347.28,101.71,813.68
2024-11-16,SO-41843,Vale Provisions,South,M. Delacroix,Recycled Wrap,Packaging,3,35.76,107.28,24.69,74.07
2024-11-16,SO-41846,Marchmont Retail,South,M. Delacroix,Recycled Wrap,Packaging,8,36.29,290.32,24.51,196.08
2024-11-16,SO-41847,Vale Provisions,Midlands,S. Whitfield,Insulated Totes,Packaging,13,208.90,2715.70,132.11,1717.43
2024-11-16,SO-41877,Glenmore Stores,North,A. Okafor,Chilled Logistics,Services,6,456.82,2740.92,284.15,1704.90
2024-11-16,SO-41896,Selkirk Supply,Midlands,S. Whitfield,Ambient Pallets,Storage,8,150.34,1202.72,91.97,735.76
2024-11-16,SO-41908,Harrowby Markets,North,R. Lindqvist,Recycled Wrap,Packaging,7,36.65,256.55,24.39,170.73
2024-11-17,SO-41821,Jesmond Supply,Scotland,T. Buchanan,Insulated Totes,Packaging,9,229.37,2064.33,133.13,1198.17
2024-11-17,SO-41844,Oakworth Stores,South,M. Delacroix,Chilled Logistics,Services,8,483.22,3865.76,295.78,2366.24
2024-11-17,SO-41854,Thirlmere Trading,North,R. Lindqvist,Recycled Wrap,Packaging,8,37.90,303.20,25.29,202.32
2024-11-18,SO-41823,Kelvin Trading,Midlands,S. Whitfield,Ambient Pallets,Storage,6,145.84,875.04,92.75,556.50
2024-11-18,SO-41825,Zetland Markets,Midlands,S. Whitfield,Recycled Wrap,Packaging,11,35.57,391.27,25.07,275.77
2024-11-18,SO-41842,Jesmond Supply,South,M. Delacroix,Ambient Pallets,Storage,11,147.69,1624.59,93.76,1031.36
2024-11-18,SO-41859,Zetland Markets,Midlands,S. Whitfield,Chilled Logistics,Services,6,492.70,2956.20,280.14,1680.84
2024-11-18,SO-41884,Harrowby Markets,South,M. Delacroix,Legacy Crates,Storage,10,86.96,869.60,61.95,619.50
2024-11-18,SO-41890,Selkirk Supply,Midlands,S. Whitfield,Chilled Logistics,Services,7,468.52,3279.64,292.88,2050.16
2024-11-18,SO-41900,Jesmond Supply,South,M. Delacroix,Ambient Pallets,Storage,8,147.84,1182.72,92.03,736.24
2024-11-19,SO-41848,Zetland Markets,South,M. Delacroix,Recycled Wrap,Packaging,11,35.47,390.17,25.14,276.54
2024-11-19,SO-41897,Harrowby Markets,Midlands,S. Whitfield,Insulated Totes,Packaging,11,217.22,2389.42,137.00,1507.00
2024-11-19,SO-41907,Selkirk Supply,Midlands,S. Whitfield,Pallet Recovery,Services,4,159.67,638.68,100.55,402.20
2024-11-20,SO-41805,Fenwick Provisions,South,M. Delacroix,Recycled Wrap,Packaging,8,34.19,273.52,25.23,201.84
2024-11-20,SO-41873,Yarrow Stores,Scotland,T. Buchanan,Recycled Wrap,Packaging,8,34.13,273.04,24.83,198.64
2024-11-20,SO-41902,Eastgate Retail,North,R. Lindqvist,Legacy Crates,Storage,10,90.90,909.00,61.07,610.70
2024-11-20,SO-41904,Braemar Foods,South,M. Delacroix,Chilled Logistics,Services,8,477.39,3819.12,290.37,2322.96
2024-11-21,SO-41807,Harrowby Markets,North,R. Lindqvist,Pallet Recovery,Services,5,166.20,831.00,100.47,502.35
2024-11-21,SO-41828,Selkirk Supply,South,M. Delacroix,Insulated Totes,Packaging,8,211.70,1693.60,129.97,1039.76
2024-11-21,SO-41849,Braemar Foods,North,A. Okafor,Insulated Totes,Packaging,12,227.75,2733.00,134.40,1612.80
2024-11-21,SO-41850,Marchmont Retail,North,A. Okafor,Recycled Wrap,Packaging,11,38.55,424.05,23.92,263.12
2024-11-21,SO-41858,Eastgate Retail,South,M. Delacroix,Ambient Pallets,Storage,7,151.15,1058.05,90.19,631.33
2024-11-21,SO-41872,Ilkley Fresh,North,R. Lindqvist,Chilled Logistics,Services,13,458.42,5959.46,281.50,3659.50
2024-11-22,SO-41809,Langdale Foods,Midlands,S. Whitfield,Pallet Recovery,Services,4,157.57,630.28,98.91,395.64
2024-11-22,SO-41816,Ilkley Fresh,Scotland,T. Buchanan,Pallet Recovery,Services,6,167.73,1006.38,98.18,589.08
2024-11-22,SO-41835,Oakworth Stores,South,M. Delacroix,Recycled Wrap,Packaging,9,38.38,345.42,24.32,218.88
2024-11-22,SO-41903,Penrith Provisions,South,M. Delacroix,Recycled Wrap,Packaging,7,35.23,246.61,24.25,169.75
2024-11-23,SO-41814,Vale Provisions,Scotland,T. Buchanan,Recycled Wrap,Packaging,10,38.65,386.50,24.34,243.40
2024-11-23,SO-41863,Fenwick Provisions,Scotland,T. Buchanan,Recycled Wrap,Packaging,8,35.91,287.28,24.39,195.12
2024-11-23,SO-41878,Fenwick Provisions,South,M. Delacroix,Chilled Logistics,Services,7,507.17,3550.19,289.07,2023.49
2024-11-24,SO-41819,Quarrywood Foods,North,R. Lindqvist,Ambient Pallets,Storage,6,135.93,815.58,93.73,562.38
2024-11-24,SO-41852,Wetherby Wholesale,South,M. Delacroix,Ambient Pallets,Storage,8,143.64,1149.12,94.34,754.72
2024-11-24,SO-41853,Fenwick Provisions,South,M. Delacroix,Recycled Wrap,Packaging,4,37.60,150.40,24.77,99.08
2024-11-24,SO-41870,Harrowby Markets,North,R. Lindqvist,Pallet Recovery,Services,7,171.85,1202.95,100.90,706.30
2024-11-24,SO-41892,Dunlin Wholesale,South,M. Delacroix,Ambient Pallets,Storage,10,151.16,1511.60,92.63,926.30
2024-11-24,SO-41901,Ilkley Fresh,South,M. Delacroix,Pallet Recovery,Services,11,175.69,1932.59,99.22,1091.42
2024-11-25,SO-41813,Zetland Markets,Scotland,T. Buchanan,Ambient Pallets,Storage,12,140.34,1684.08,91.48,1097.76
2024-11-25,SO-41824,Ravensdale Markets,South,M. Delacroix,Recycled Wrap,Packaging,11,34.52,379.72,24.90,273.90
2024-11-25,SO-41851,Zetland Markets,South,M. Delacroix,Recycled Wrap,Packaging,8,36.50,292.00,25.10,200.80
2024-11-25,SO-41869,Selkirk Supply,Scotland,T. Buchanan,Legacy Crates,Storage,6,83.25,499.50,62.46,374.76
2024-11-25,SO-41910,Kelvin Trading,South,M. Delacroix,Pallet Recovery,Services,8,159.42,1275.36,96.82,774.56
2024-11-26,SO-41806,Eastgate Retail,Midlands,S. Whitfield,Legacy Crates,Storage,7,93.20,652.40,63.08,441.56
2024-11-26,SO-41909,Ullswater Foods,South,M. Delacroix,Recycled Wrap,Packaging,8,38.13,305.04,25.23,201.84
2024-11-26,SO-41911,Braemar Foods,Midlands,S. Whitfield,Ambient Pallets,Storage,9,147.89,1331.01,94.81,853.29
2024-11-27,SO-41868,Oakworth Stores,North,R. Lindqvist,Ambient Pallets,Storage,9,151.76,1365.84,91.63,824.67
2024-11-27,SO-41879,Dunlin Wholesale,Scotland,T. Buchanan,Recycled Wrap,Packaging,9,37.57,338.13,24.96,224.64
2024-11-28,SO-41811,Langdale Foods,North,R. Lindqvist,Pallet Recovery,Services,9,168.36,1515.24,98.87,889.83
2024-11-28,SO-41829,Glenmore Stores,North,A. Okafor,Recycled Wrap,Packaging,10,36.34,363.40,23.89,238.90
2024-11-28,SO-41838,Langdale Foods,South,M. Delacroix,Recycled Wrap,Packaging,6,38.16,228.96,24.29,145.74
2024-12-01,SO-41978,Marchmont Retail,South,M. Delacroix,Pallet Recovery,Services,8,162.74,1301.92,99.76,798.08
2024-12-01,SO-41985,Thirlmere Trading,Midlands,S. Whitfield,Recycled Wrap,Packaging,1,35.46,35.46,25.22,25.22
2024-12-01,SO-42010,Dunlin Wholesale,South,M. Delacroix,Ambient Pallets,Storage,6,140.37,842.22,92.95,557.70
2024-12-01,SO-42014,Oakworth Stores,Midlands,S. Whitfield,Ambient Pallets,Storage,11,133.62,1469.82,90.47,995.17
2024-12-02,SO-41925,Ilkley Fresh,North,A. Okafor,Legacy Crates,Storage,6,83.85,503.10,61.25,367.50
2024-12-02,SO-41926,Langdale Foods,North,R. Lindqvist,Chilled Logistics,Services,16,457.40,7318.40,285.23,4563.68
2024-12-03,SO-41931,Ullswater Foods,Scotland,T. Buchanan,Ambient Pallets,Storage,12,138.30,1659.60,91.98,1103.76
2024-12-03,SO-41932,Quarrywood Foods,Scotland,T. Buchanan,Pallet Recovery,Services,16,155.41,2486.56,96.33,1541.28
2024-12-03,SO-42004,Vale Provisions,North,R. Lindqvist,Chilled Logistics,Services,9,496.16,4465.44,282.30,2540.70
2024-12-03,SO-42012,Dunlin Wholesale,North,A. Okafor,Pallet Recovery,Services,8,166.86,1334.88,100.71,805.68
2024-12-03,SO-42016,Calder Grocers,South,M. Delacroix,Pallet Recovery,Services,10,166.61,1666.10,99.96,999.60
2024-12-03,SO-42020,Harrowby Markets,North,R. Lindqvist,Ambient Pallets,Storage,5,143.66,718.30,89.81,449.05
2024-12-04,SO-41943,Selkirk Supply,Scotland,T. Buchanan,Recycled Wrap,Packaging,8,37.94,303.52,23.95,191.60
2024-12-05,SO-41918,Selkirk Supply,Scotland,T. Buchanan,Chilled Logistics,Services,9,496.04,4464.36,285.58,2570.22
2024-12-05,SO-41928,Quarrywood Foods,South,M. Delacroix,Recycled Wrap,Packaging,15,35.17,527.55,24.97,374.55
2024-12-05,SO-41949,Thirlmere Trading,North,A. Okafor,Insulated Totes,Packaging,11,213.49,2348.39,133.62,1469.82
2024-12-05,SO-41975,Calder Grocers,Midlands,S. Whitfield,Ambient Pallets,Storage,3,149.67,449.01,91.97,275.91
2024-12-05,SO-41982,Selkirk Supply,South,M. Delacroix,Pallet Recovery,Services,4,175.89,703.56,99.03,396.12
2024-12-05,SO-42008,Wetherby Wholesale,North,R. Lindqvist,Chilled Logistics,Services,7,500.84,3505.88,280.21,1961.47
2024-12-06,SO-41919,Wetherby Wholesale,Midlands,S. Whitfield,Legacy Crates,Storage,12,85.76,1029.12,62.24,746.88
2024-12-06,SO-41927,Langdale Foods,North,A. Okafor,Pallet Recovery,Services,11,159.30,1752.30,100.51,1105.61
2024-12-06,SO-41984,Marchmont Retail,South,M. Delacroix,Recycled Wrap,Packaging,6,38.73,232.38,24.99,149.94
2024-12-06,SO-41986,Marchmont Retail,Midlands,S. Whitfield,Pallet Recovery,Services,8,160.40,1283.20,96.70,773.60
2024-12-06,SO-42007,Vale Provisions,North,A. Okafor,Recycled Wrap,Packaging,12,34.78,417.36,24.58,294.96
2024-12-07,SO-41933,Dunlin Wholesale,Midlands,S. Whitfield,Ambient Pallets,Storage,7,141.77,992.39,90.23,631.61
2024-12-07,SO-41938,Braemar Foods,North,A. Okafor,Ambient Pallets,Storage,13,140.04,1820.52,91.91,1194.83
2024-12-07,SO-41973,Wetherby Wholesale,North,R. Lindqvist,Ambient Pallets,Storage,10,141.59,1415.90,93.61,936.10
2024-12-07,SO-41974,Yarrow Stores,South,M. Delacroix,Insulated Totes,Packaging,10,209.22,2092.20,130.68,1306.80
2024-12-08,SO-41972,Wetherby Wholesale,Midlands,S. Whitfield,Pallet Recovery,Services,7,174.04,1218.28,98.80,691.60
2024-12-08,SO-41998,Selkirk Supply,South,M. Delacroix,Recycled Wrap,Packaging,10,34.96,349.60,24.26,242.60
2024-12-09,SO-41945,Jesmond Supply,Midlands,S. Whitfield,Recycled Wrap,Packaging,10,38.07,380.70,24.74,247.40
2024-12-09,SO-41971,Penrith Provisions,South,M. Delacroix,Chilled Logistics,Services,7,503.71,3525.97,283.63,1985.41
2024-12-09,SO-42002,Dunlin Wholesale,South,M. Delacroix,Recycled Wrap,Packaging,5,35.57,177.85,24.76,123.80
2024-12-09,SO-42017,Calder Grocers,North,R. Lindqvist,Chilled Logistics,Services,3,473.87,1421.61,279.73,839.19
2024-12-10,SO-41921,Braemar Foods,Midlands,S. Whitfield,Pallet Recovery,Services,3,170.49,511.47,99.58,298.74
2024-12-10,SO-41941,Netherby Group,Midlands,S. Whitfield,Recycled Wrap,Packaging,2,36.99,73.98,25.01,50.02
2024-12-10,SO-41953,Vale Provisions,South,M. Delacroix,Pallet Recovery,Services,11,164.21,1806.31,98.45,1082.95
2024-12-10,SO-41999,Thirlmere Trading,North,R. Lindqvist,Ambient Pallets,Storage,10,136.80,1368.00,91.56,915.60
2024-12-10,SO-42011,Ilkley Fresh,North,R. Lindqvist,Recycled Wrap,Packaging,12,34.25,411.00,25.15,301.80
2024-12-11,SO-41930,Selkirk Supply,South,M. Delacroix,Pallet Recovery,Services,12,172.85,2074.20,98.10,1177.20
2024-12-11,SO-41939,Glenmore Stores,North,R. Lindqvist,Ambient Pallets,Storage,6,142.64,855.84,93.14,558.84
2024-12-11,SO-41942,Yarrow Stores,North,A. Okafor,Chilled Logistics,Services,5,471.57,2357.85,290.34,1451.70
2024-12-11,SO-41944,Glenmore Stores,North,A. Okafor,Ambient Pallets,Storage,7,136.01,952.07,90.31,632.17
2024-12-11,SO-41958,Wetherby Wholesale,Scotland,T. Buchanan,Ambient Pallets,Storage,5,148.60,743.00,92.25,461.25
2024-12-11,SO-41967,Jesmond Supply,North,A. Okafor,Ambient Pallets,Storage,8,142.40,1139.20,93.16,745.28
2024-12-12,SO-41916,Zetland Markets,South,M. Delacroix,Pallet Recovery,Services,11,176.11,1937.21,100.88,1109.68
2024-12-12,SO-41946,Yarrow Stores,North,R. Lindqvist,Insulated Totes,Packaging,9,220.06,1980.54,132.45,1192.05
2024-12-12,SO-41957,Ilkley Fresh,South,M. Delacroix,Ambient Pallets,Storage,3,139.40,418.20,92.39,277.17
2024-12-12,SO-42009,Braemar Foods,North,R. Lindqvist,Chilled Logistics,Services,13,494.57,6429.41,281.20,3655.60
2024-12-13,SO-41936,Glenmore Stores,Midlands,S. Whitfield,Chilled Logistics,Services,6,511.34,3068.04,286.16,1716.96
2024-12-13,SO-41980,Braemar Foods,South,M. Delacroix,Recycled Wrap,Packaging,5,37.99,189.95,24.08,120.40
2024-12-13,SO-42000,Thirlmere Trading,Midlands,S. Whitfield,Pallet Recovery,Services,8,155.93,1247.44,96.76,774.08
2024-12-13,SO-42006,Selkirk Supply,South,M. Delacroix,Legacy Crates,Storage,9,91.34,822.06,61.27,551.43
2024-12-13,SO-42021,Marchmont Retail,South,M. Delacroix,Recycled Wrap,Packaging,4,34.05,136.20,25.18,100.72
2024-12-14,SO-41988,Fenwick Provisions,South,M. Delacroix,Pallet Recovery,Services,7,168.56,1179.92,97.65,683.55
2024-12-15,SO-41935,Eastgate Retail,South,M. Delacroix,Recycled Wrap,Packaging,8,34.28,274.24,24.38,195.04
2024-12-15,SO-41948,Ravensdale Markets,North,R. Lindqvist,Insulated Totes,Packaging,10,220.81,2208.10,131.27,1312.70
2024-12-15,SO-41952,Marchmont Retail,South,M. Delacroix,Chilled Logistics,Services,6,512.85,3077.10,287.16,1722.96
2024-12-16,SO-41955,Eastgate Retail,North,A. Okafor,Insulated Totes,Packaging,15,225.83,3387.45,131.33,1969.95
2024-12-16,SO-41960,Calder Grocers,North,R. Lindqvist,Legacy Crates,Storage,9,91.95,827.55,63.02,567.18
2024-12-16,SO-41962,Glenmore Stores,Midlands,S. Whitfield,Ambient Pallets,Storage,9,139.46,1255.14,90.46,814.14
2024-12-16,SO-41992,Thirlmere Trading,North,R. Lindqvist,Pallet Recovery,Services,5,156.97,784.85,96.48,482.40
2024-12-16,SO-41995,Ilkley Fresh,North,A. Okafor,Pallet Recovery,Services,8,163.68,1309.44,100.53,804.24
2024-12-16,SO-42003,Thirlmere Trading,North,A. Okafor,Pallet Recovery,Services,5,174.91,874.55,100.43,502.15
2024-12-16,SO-42013,Selkirk Supply,North,A. Okafor,Ambient Pallets,Storage,6,149.10,894.60,92.08,552.48
2024-12-17,SO-41954,Fenwick Provisions,North,A. Okafor,Pallet Recovery,Services,6,155.82,934.92,97.55,585.30
2024-12-17,SO-41983,Quarrywood Foods,North,R. Lindqvist,Insulated Totes,Packaging,6,204.52,1227.12,130.32,781.92
2024-12-17,SO-41994,Vale Provisions,Midlands,S. Whitfield,Ambient Pallets,Storage,6,138.26,829.56,90.28,541.68
2024-12-18,SO-41934,Eastgate Retail,North,R. Lindqvist,Ambient Pallets,Storage,7,141.36,989.52,93.72,656.04
2024-12-18,SO-41947,Eastgate Retail,South,M. Delacroix,Recycled Wrap,Packaging,9,37.92,341.28,24.99,224.91
2024-12-18,SO-41951,Penrith Provisions,South,M. Delacroix,Chilled Logistics,Services,10,475.35,4753.50,279.46,2794.60
2024-12-18,SO-41981,Jesmond Supply,North,R. Lindqvist,Legacy Crates,Storage,6,88.88,533.28,61.96,371.76
2024-12-18,SO-41996,Oakworth Stores,Midlands,S. Whitfield,Chilled Logistics,Services,7,503.45,3524.15,286.57,2005.99
2024-12-18,SO-42019,Fenwick Provisions,South,M. Delacroix,Ambient Pallets,Storage,5,141.35,706.75,93.98,469.90
2024-12-19,SO-41915,Ravensdale Markets,Midlands,S. Whitfield,Insulated Totes,Packaging,16,226.79,3628.64,131.19,2099.04
2024-12-19,SO-41929,Langdale Foods,North,A. Okafor,Pallet Recovery,Services,5,166.10,830.50,96.78,483.90
2024-12-19,SO-41956,Yarrow Stores,Midlands,S. Whitfield,Insulated Totes,Packaging,9,222.30,2000.70,136.80,1231.20
2024-12-19,SO-41966,Braemar Foods,North,A. Okafor,Ambient Pallets,Storage,11,149.22,1641.42,94.50,1039.50
2024-12-19,SO-41979,Quarrywood Foods,North,R. Lindqvist,Recycled Wrap,Packaging,11,37.94,417.34,24.89,273.79
2024-12-19,SO-41993,Langdale Foods,North,R. Lindqvist,Pallet Recovery,Services,9,164.28,1478.52,98.02,882.18
2024-12-19,SO-42022,Ilkley Fresh,North,A. Okafor,Pallet Recovery,Services,5,159.51,797.55,96.55,482.75
2024-12-20,SO-41989,Oakworth Stores,Midlands,S. Whitfield,Ambient Pallets,Storage,12,151.26,1815.12,94.90,1138.80
2024-12-20,SO-41990,Kelvin Trading,South,M. Delacroix,Pallet Recovery,Services,8,164.72,1317.76,98.27,786.16
2024-12-21,SO-41965,Quarrywood Foods,Scotland,T. Buchanan,Insulated Totes,Packaging,11,203.02,2233.22,130.50,1435.50
2024-12-21,SO-41970,Yarrow Stores,Midlands,S. Whitfield,Chilled Logistics,Services,6,504.23,3025.38,288.64,1731.84
2024-12-21,SO-41977,Yarrow Stores,South,M. Delacroix,Legacy Crates,Storage,4,94.23,376.92,62.03,248.12
2024-12-21,SO-41991,Calder Grocers,North,A. Okafor,Recycled Wrap,Packaging,2,34.48,68.96,24.41,48.82
2024-12-21,SO-41997,Ullswater Foods,North,A. Okafor,Recycled Wrap,Packaging,7,35.13,245.91,23.90,167.30
2024-12-22,SO-41940,Selkirk Supply,North,A. Okafor,Chilled Logistics,Services,10,495.33,4953.30,293.02,2930.20
2024-12-22,SO-41968,Vale Provisions,Scotland,T. Buchanan,Recycled Wrap,Packaging,12,36.95,443.40,24.93,299.16
2024-12-22,SO-41969,Glenmore Stores,South,M. Delacroix,Chilled Logistics,Services,7,477.68,3343.76,295.63,2069.41
2024-12-22,SO-41976,Calder Grocers,Scotland,T. Buchanan,Chilled Logistics,Services,7,492.37,3446.59,279.92,1959.44
2024-12-23,SO-41964,Dunlin Wholesale,Scotland,T. Buchanan,Recycled Wrap,Packaging,9,37.05,333.45,24.73,222.57
2024-12-23,SO-42015,Langdale Foods,Midlands,S. Whitfield,Ambient Pallets,Storage,5,145.07,725.35,91.84,459.20
2024-12-24,SO-41924,Marchmont Retail,South,M. Delacroix,Recycled Wrap,Packaging,9,38.05,342.45,25.30,227.70
2024-12-24,SO-42018,Jesmond Supply,Midlands,S. Whitfield,Pallet Recovery,Services,7,158.05,1106.35,98.65,690.55
2024-12-25,SO-41920,Selkirk Supply,North,A. Okafor,Insulated Totes,Packaging,4,221.73,886.92,136.90,547.60
2024-12-25,SO-41937,Yarrow Stores,Scotland,T. Buchanan,Pallet Recovery,Services,15,161.41,2421.15,98.40,1476.00
2024-12-25,SO-41950,Vale Provisions,South,M. Delacroix,Legacy Crates,Storage,6,87.02,522.12,62.34,374.04
2024-12-25,SO-41959,Quarrywood Foods,North,R. Lindqvist,Ambient Pallets,Storage,10,138.23,1382.30,93.76,937.60
2024-12-25,SO-42001,Quarrywood Foods,Midlands,S. Whitfield,Insulated Totes,Packaging,4,205.13,820.52,136.88,547.52
2024-12-25,SO-42005,Netherby Group,North,A. Okafor,Insulated Totes,Packaging,12,216.53,2598.36,134.58,1614.96
2024-12-25,SO-42023,Harrowby Markets,Scotland,T. Buchanan,Legacy Crates,Storage,10,85.10,851.00,62.62,626.20
2024-12-27,SO-41917,Yarrow Stores,North,R. Lindqvist,Recycled Wrap,Packaging,3,38.07,114.21,24.44,73.32
2024-12-27,SO-41922,Selkirk Supply,North,R. Lindqvist,Pallet Recovery,Services,4,159.12,636.48,97.40,389.60
2024-12-27,SO-41961,Vale Provisions,North,R. Lindqvist,Insulated Totes,Packaging,11,220.34,2423.74,129.98,1429.78
2024-12-27,SO-41963,Marchmont Retail,South,M. Delacroix,Chilled Logistics,Services,10,506.90,5069.00,291.45,2914.50
2024-12-27,SO-41987,Glenmore Stores,Scotland,T. Buchanan,Ambient Pallets,Storage,10,135.42,1354.20,93.62,936.20
2024-12-28,SO-41923,Vale Provisions,South,M. Delacroix,Recycled Wrap,Packaging,3,38.42,115.26,24.96,74.88
2025-01-01,SO-42069,Harrowby Markets,Midlands,S. Whitfield,Legacy Crates,Storage,15,93.24,1398.60,61.55,923.25
2025-01-02,SO-42024,Penrith Provisions,North,A. Okafor,Chilled Logistics,Services,13,472.39,6141.07,280.81,3650.53
2025-01-02,SO-42037,Thirlmere Trading,South,M. Delacroix,Insulated Totes,Packaging,11,219.17,2410.87,135.11,1486.21
2025-01-02,SO-42061,Selkirk Supply,North,A. Okafor,Legacy Crates,Storage,1,84.90,84.90,63.14,63.14
2025-01-02,SO-42067,Penrith Provisions,South,M. Delacroix,Pallet Recovery,Services,10,171.31,1713.10,101.29,1012.90
2025-01-02,SO-42078,Dunlin Wholesale,North,A. Okafor,Insulated Totes,Packaging,3,209.63,628.89,129.71,389.13
2025-01-02,SO-42097,Oakworth Stores,North,A. Okafor,Recycled Wrap,Packaging,11,37.43,411.73,24.08,264.88
2025-01-03,SO-42047,Zetland Markets,North,A. Okafor,Recycled Wrap,Packaging,4,35.90,143.60,24.03,96.12
2025-01-03,SO-42092,Calder Grocers,North,A. Okafor,Legacy Crates,Storage,7,91.87,643.09,60.80,425.60
2025-01-04,SO-42050,Kelvin Trading,South,M. Delacroix,Insulated Totes,Packaging,7,222.33,1556.31,133.61,935.27
2025-01-04,SO-42072,Marchmont Retail,North,R. Lindqvist,Chilled Logistics,Services,13,469.89,6108.57,296.39,3853.07
2025-01-04,SO-42076,Calder Grocers,North,A. Okafor,Pallet Recovery,Services,6,166.10,996.60,96.39,578.34
2025-01-04,SO-42102,Penrith Provisions,South,M. Delacroix,Chilled Logistics,Services,10,457.07,4570.70,292.37,2923.70
2025-01-05,SO-42087,Wetherby Wholesale,North,A. Okafor,Chilled Logistics,Services,10,460.92,4609.20,293.21,2932.10
2025-01-06,SO-42083,Calder Grocers,North,R. Lindqvist,Insulated Totes,Packaging,11,215.43,2369.73,133.56,1469.16
2025-01-06,SO-42086,Braemar Foods,North,R. Lindqvist,Insulated Totes,Packaging,10,216.60,2166.00,135.14,1351.40
2025-01-06,SO-42099,Ravensdale Markets,North,A. Okafor,Chilled Logistics,Services,10,481.75,4817.50,283.48,2834.80
2025-01-06,SO-42100,Vale Provisions,North,R. Lindqvist,Recycled Wrap,Packaging,12,34.79,417.48,24.14,289.68
2025-01-07,SO-42031,Harrowby Markets,South,M. Delacroix,Chilled Logistics,Services,12,451.98,5423.76,295.96,3551.52
2025-01-07,SO-42074,Eastgate Retail,South,M. Delacroix,Insulated Totes,Packaging,7,221.03,1547.21,135.38,947.66
2025-01-08,SO-42039,Zetland Markets,Scotland,T. Buchanan,Insulated Totes,Packaging,10,207.52,2075.20,130.49,1304.90
2025-01-08,SO-42055,Ravensdale Markets,South,M. Delacroix,Recycled Wrap,Packaging,11,36.75,404.25,24.54,269.94
2025-01-09,SO-42071,Thirlmere Trading,South,M. Delacroix,Recycled Wrap,Packaging,9,34.85,313.65,25.07,225.63
2025-01-10,SO-42056,Calder Grocers,North,A. Okafor,Chilled Logistics,Services,3,502.05,1506.15,290.13,870.39
2025-01-10,SO-42079,Wetherby Wholesale,South,M. Delacroix,Recycled Wrap,Packaging,9,36.48,328.32,24.21,217.89
2025-01-11,SO-42030,Vale Provisions,South,M. Delacroix,Ambient Pallets,Storage,9,146.17,1315.53,90.89,818.01
2025-01-11,SO-42035,Oakworth Stores,Midlands,S. Whitfield,Chilled Logistics,Services,11,457.39,5031.29,282.16,3103.76
2025-01-12,SO-42032,Marchmont Retail,North,A. Okafor,Recycled Wrap,Packaging,10,35.01,350.10,24.41,244.10
2025-01-12,SO-42041,Penrith Provisions,North,A. Okafor,Insulated Totes,Packaging,10,225.47,2254.70,132.83,1328.30
2025-01-12,SO-42051,Ravensdale Markets,North,A. Okafor,Ambient Pallets,Storage,2,142.22,284.44,91.72,183.44
2025-01-12,SO-42084,Thirlmere Trading,North,A. Okafor,Chilled Logistics,Services,8,509.01,4072.08,292.39,2339.12
2025-01-12,SO-42093,Dunlin Wholesale,North,R. Lindqvist,Chilled Logistics,Services,11,485.52,5340.72,280.72,3087.92
2025-01-13,SO-42045,Ravensdale Markets,North,A. Okafor,Chilled Logistics,Services,11,480.50,5285.50,281.94,3101.34
2025-01-13,SO-42065,Netherby Group,North,R. Lindqvist,Pallet Recovery,Services,8,162.91,1303.28,100.48,803.84
2025-01-13,SO-42066,Ravensdale Markets,North,R. Lindqvist,Recycled Wrap,Packaging,12,36.14,433.68,24.09,289.08
2025-01-13,SO-42070,Kelvin Trading,North,R. Lindqvist,Chilled Logistics,Services,9,508.54,4576.86,287.68,2589.12
2025-01-13,SO-42077,Dunlin Wholesale,Midlands,S. Whitfield,Legacy Crates,Storage,5,89.34,446.70,60.94,304.70
2025-01-14,SO-42049,Dunlin Wholesale,Scotland,T. Buchanan,Legacy Crates,Storage,5,90.58,452.90,62.22,311.10
2025-01-15,SO-42062,Ravensdale Markets,Midlands,S. Whitfield,Insulated Totes,Packaging,6,209.62,1257.72,132.80,796.80
2025-01-15,SO-42063,Ullswater Foods,North,A. Okafor,Recycled Wrap,Packaging,7,38.34,268.38,25.10,175.70
2025-01-15,SO-42090,Penrith Provisions,North,R. Lindqvist,Legacy Crates,Storage,13,89.21,1159.73,61.41,798.33
2025-01-16,SO-42038,Netherby Group,North,R. Lindqvist,Chilled Logistics,Services,8,457.07,3656.56,292.58,2340.64
2025-01-16,SO-42043,Harrowby Markets,North,R. Lindqvist,Ambient Pallets,Storage,2,136.04,272.08,90.44,180.88
2025-01-16,SO-42046,Ilkley Fresh,South,M. Delacroix,Legacy Crates,Storage,7,84.54,591.78,63.41,443.87
2025-01-16,SO-42058,Netherby Group,North,R. Lindqvist,Legacy Crates,Storage,11,85.28,938.08,62.44,686.84
2025-01-16,SO-42064,Marchmont Retail,North,R. Lindqvist,Pallet Recovery,Services,7,173.59,1215.13,100.93,706.51
2025-01-16,SO-42068,Yarrow Stores,North,R. Lindqvist,Pallet Recovery,Services,9,155.46,1399.14,101.38,912.42
2025-01-17,SO-42034,Ravensdale Markets,Midlands,S. Whitfield,Chilled Logistics,Services,11,497.08,5467.88,281.56,3097.16
2025-01-17,SO-42036,Fenwick Provisions,South,M. Delacroix,Ambient Pallets,Storage,9,150.66,1355.94,91.18,820.62
2025-01-17,SO-42080,Braemar Foods,South,M. Delacroix,Recycled Wrap,Packaging,1,36.36,36.36,24.25,24.25
2025-01-17,SO-42082,Langdale Foods,North,R. Lindqvist,Legacy Crates,Storage,13,87.10,1132.30,60.63,788.19
2025-01-17,SO-42091,Ravensdale Markets,Midlands,S. Whitfield,Insulated Totes,Packaging,4,225.07,900.28,131.39,525.56
2025-01-17,SO-42101,Wetherby Wholesale,Midlands,S. Whitfield,Ambient Pallets,Storage,9,139.15,1252.35,92.59,833.31
2025-01-18,SO-42029,Glenmore Stores,Scotland,T. Buchanan,Insulated Totes,Packaging,10,225.96,2259.60,135.39,1353.90
2025-01-18,SO-42089,Dunlin Wholesale,Scotland,T. Buchanan,Legacy Crates,Storage,7,85.15,596.05,60.53,423.71
2025-01-20,SO-42025,Langdale Foods,Scotland,T. Buchanan,Insulated Totes,Packaging,13,215.30,2798.90,133.10,1730.30
2025-01-20,SO-42028,Netherby Group,North,R. Lindqvist,Pallet Recovery,Services,7,165.71,1159.97,96.51,675.57
2025-01-20,SO-42048,Ravensdale Markets,Scotland,T. Buchanan,Ambient Pallets,Storage,3,143.07,429.21,92.23,276.69
2025-01-20,SO-42088,Selkirk Supply,North,A. Okafor,Insulated Totes,Packaging,13,225.60,2932.80,130.09,1691.17
2025-01-21,SO-42026,Vale Provisions,Midlands,S. Whitfield,Pallet Recovery,Services,12,175.50,2106.00,98.64,1183.68
2025-01-22,SO-42044,Netherby Group,North,A. Okafor,Pallet Recovery,Services,6,156.82,940.92,101.74,610.44
2025-01-22,SO-42073,Thirlmere Trading,South,M. Delacroix,Legacy Crates,Storage,9,90.79,817.11,60.27,542.43
2025-01-23,SO-42027,Penrith Provisions,Midlands,S. Whitfield,Chilled Logistics,Services,8,503.87,4030.96,296.24,2369.92
2025-01-23,SO-42075,Braemar Foods,Midlands,S. Whitfield,Recycled Wrap,Packaging,4,37.05,148.20,23.96,95.84
2025-01-23,SO-42081,Calder Grocers,South,M. Delacroix,Chilled Logistics,Services,15,490.62,7359.30,290.74,4361.10
2025-01-23,SO-42094,Marchmont Retail,North,A. Okafor,Chilled Logistics,Services,9,459.81,4138.29,290.30,2612.70
2025-01-23,SO-42103,Penrith Provisions,Scotland,T. Buchanan,Recycled Wrap,Packaging,9,35.65,320.85,25.32,227.88
2025-01-25,SO-42052,Ilkley Fresh,Midlands,S. Whitfield,Chilled Logistics,Services,12,492.89,5914.68,295.58,3546.96
2025-01-25,SO-42095,Eastgate Retail,Midlands,S. Whitfield,Recycled Wrap,Packaging,13,35.32,459.16,24.48,318.24
2025-01-25,SO-42096,Yarrow Stores,North,R. Lindqvist,Pallet Recovery,Services,5,156.67,783.35,99.83,499.15
2025-01-26,SO-42040,Fenwick Provisions,South,M. Delacroix,Pallet Recovery,Services,16,175.49,2807.84,100.42,1606.72
2025-01-26,SO-42054,Marchmont Retail,North,R. Lindqvist,Chilled Logistics,Services,14,490.83,6871.62,280.53,3927.42
2025-01-26,SO-42060,Glenmore Stores,South,M. Delacroix,Insulated Totes,Packaging,10,220.85,2208.50,131.83,1318.30
2025-01-27,SO-42033,Dunlin Wholesale,North,R. Lindqvist,Ambient Pallets,Storage,11,143.17,1574.87,90.88,999.68
2025-01-27,SO-42053,Oakworth Stores,North,A. Okafor,Insulated Totes,Packaging,10,224.99,2249.90,133.90,1339.00
2025-01-27,SO-42098,Yarrow Stores,South,M. Delacroix,Ambient Pallets,Storage,5,135.71,678.55,95.05,475.25
2025-01-28,SO-42042,Oakworth Stores,North,A. Okafor,Ambient Pallets,Storage,4,138.19,552.76,91.41,365.64
2025-01-28,SO-42057,Fenwick Provisions,North,A. Okafor,Ambient Pallets,Storage,6,148.20,889.20,90.85,545.10
2025-01-28,SO-42059,Eastgate Retail,Midlands,S. Whitfield,Pallet Recovery,Services,5,168.16,840.80,101.20,506.00
2025-01-28,SO-42085,Fenwick Provisions,North,R. Lindqvist,Recycled Wrap,Packaging,9,34.36,309.24,25.02,225.18
2025-02-01,SO-42106,Kelvin Trading,Scotland,T. Buchanan,Chilled Logistics,Services,3,466.48,1399.44,292.57,877.71
2025-02-01,SO-42118,Fenwick Provisions,North,R. Lindqvist,Legacy Crates,Storage,11,86.09,946.99,63.15,694.65
2025-02-01,SO-42164,Langdale Foods,South,M. Delacroix,Chilled Logistics,Services,11,502.96,5532.56,280.74,3088.14
2025-02-01,SO-42167,Calder Grocers,South,M. Delacroix,Insulated Totes,Packaging,13,215.84,2805.92,131.80,1713.40
2025-02-02,SO-42122,Glenmore Stores,South,M. Delacroix,Recycled Wrap,Packaging,11,34.77,382.47,24.22,266.42
2025-02-02,SO-42136,Ravensdale Markets,South,M. Delacroix,Recycled Wrap,Packaging,9,36.58,329.22,24.43,219.87
2025-02-02,SO-42177,Dunlin Wholesale,South,M. Delacroix,Insulated Totes,Packaging,4,219.25,877.00,136.61,546.44
2025-02-03,SO-42110,Dunlin Wholesale,South,M. Delacroix,Recycled Wrap,Packaging,7,38.44,269.08,25.35,177.45
2025-02-03,SO-42157,Netherby Group,South,M. Delacroix,Ambient Pallets,Storage,5,145.90,729.50,94.20,471.00
2025-02-03,SO-42161,Penrith Provisions,South,M. Delacroix,Legacy Crates,Storage,3,94.60,283.80,60.16,180.48
2025-02-03,SO-42169,Vale Provisions,North,R. Lindqvist,Recycled Wrap,Packaging,9,34.72,312.48,23.92,215.28
2025-02-04,SO-42127,Fenwick Provisions,Midlands,S. Whitfield,Recycled Wrap,Packaging,8,38.68,309.44,24.50,196.00
2025-02-04,SO-42155,Zetland Markets,North,R. Lindqvist,Legacy Crates,Storage,10,83.96,839.60,61.70,617.00
2025-02-05,SO-42116,Quarrywood Foods,Midlands,S. Whitfield,Pallet Recovery,Services,12,170.77,2049.24,99.07,1188.84
2025-02-05,SO-42125,Fenwick Provisions,Midlands,S. Whitfield,Insulated Totes,Packaging,3,203.70,611.10,133.39,400.17
2025-02-05,SO-42149,Jesmond Supply,Scotland,T. Buchanan,Insulated Totes,Packaging,5,225.54,1127.70,134.76,673.80
2025-02-05,SO-42172,Langdale Foods,North,A. Okafor,Insulated Totes,Packaging,13,211.94,2755.22,134.21,1744.73
2025-02-06,SO-42112,Yarrow Stores,North,R. Lindqvist,Recycled Wrap,Packaging,13,35.02,455.26,24.26,315.38
2025-02-06,SO-42152,Yarrow Stores,North,R. Lindqvist,Pallet Recovery,Services,4,174.42,697.68,101.64,406.56
2025-02-08,SO-42142,Dunlin Wholesale,North,R. Lindqvist,Ambient Pallets,Storage,4,148.10,592.40,94.08,376.32
2025-02-08,SO-42173,Calder Grocers,North,A. Okafor,Recycled Wrap,Packaging,2,34.44,68.88,25.12,50.24
2025-02-09,SO-42113,Marchmont Retail,Scotland,T. Buchanan,Pallet Recovery,Services,6,155.59,933.54,99.80,598.80
2025-02-09,SO-42126,Eastgate Retail,Scotland,T. Buchanan,Insulated Totes,Packaging,7,219.42,1535.94,136.85,957.95
2025-02-09,SO-42138,Wetherby Wholesale,North,R. Lindqvist,Insulated Totes,Packaging,4,204.00,816.00,136.50,546.00
2025-02-10,SO-42115,Kelvin Trading,North,A. Okafor,Ambient Pallets,Storage,11,140.41,1544.51,93.40,1027.40
2025-02-11,SO-42131,Kelvin Trading,Scotland,T. Buchanan,Insulated Totes,Packaging,7,221.70,1551.90,136.24,953.68
2025-02-11,SO-42174,Ilkley Fresh,North,R. Lindqvist,Recycled Wrap,Packaging,9,34.61,311.49,24.57,221.13
2025-02-12,SO-42141,Selkirk Supply,North,A. Okafor,Chilled Logistics,Services,1,500.95,500.95,284.89,284.89
2025-02-12,SO-42178,Kelvin Trading,North,A. Okafor,Chilled Logistics,Services,8,505.85,4046.80,288.34,2306.72
2025-02-13,SO-42104,Zetland Markets,North,R. Lindqvist,Insulated Totes,Packaging,11,207.58,2283.38,136.34,1499.74
2025-02-13,SO-42153,Kelvin Trading,North,R. Lindqvist,Recycled Wrap,Packaging,17,34.34,583.78,24.67,419.39
2025-02-13,SO-42168,Langdale Foods,North,R. Lindqvist,Ambient Pallets,Storage,17,136.15,2314.55,93.22,1584.74
2025-02-14,SO-42107,Thirlmere Trading,North,A. Okafor,Recycled Wrap,Packaging,7,38.37,268.59,24.55,171.85
2025-02-14,SO-42117,Ravensdale Markets,Midlands,S. Whitfield,Ambient Pallets,Storage,13,133.77,1739.01,95.02,1235.26
2025-02-14,SO-42129,Ullswater Foods,North,A. Okafor,Ambient Pallets,Storage,12,148.87,1786.44,90.54,1086.48
2025-02-14,SO-42144,Quarrywood Foods,South,M. Delacroix,Insulated Totes,Packaging,10,206.67,2066.70,137.05,1370.50
2025-02-15,SO-42111,Glenmore Stores,North,A. Okafor,Legacy Crates,Storage,3,83.38,250.14,60.54,181.62
2025-02-15,SO-42137,Zetland Markets,North,A. Okafor,Insulated Totes,Packaging,5,207.04,1035.20,135.22,676.10
2025-02-15,SO-42162,Yarrow Stores,South,M. Delacroix,Pallet Recovery,Services,8,163.74,1309.92,99.16,793.28
2025-02-16,SO-42148,Thirlmere Trading,South,M. Delacroix,Ambient Pallets,Storage,8,149.25,1194.00,91.73,733.84
2025-02-16,SO-42165,Kelvin Trading,South,M. Delacroix,Insulated Totes,Packaging,14,224.21,3138.94,129.44,1812.16
2025-02-17,SO-42121,Selkirk Supply,South,M. Delacroix,Chilled Logistics,Services,5,452.28,2261.40,283.07,1415.35
2025-02-17,SO-42135,Eastgate Retail,North,R. Lindqvist,Chilled Logistics,Services,8,470.43,3763.44,285.20,2281.60
2025-02-17,SO-42170,Wetherby Wholesale,North,R. Lindqvist,Pallet Recovery,Services,8,164.11,1312.88,101.86,814.88
2025-02-18,SO-42120,Dunlin Wholesale,South,M. Delacroix,Pallet Recovery,Services,8,156.77,1254.16,98.76,790.08
2025-02-18,SO-42145,Dunlin Wholesale,Midlands,S. Whitfield,Pallet Recovery,Services,3,175.93,527.79,101.79,305.37
2025-02-19,SO-42139,Braemar Foods,North,A. Okafor,Insulated Totes,Packaging,9,218.11,1962.99,135.34,1218.06
2025-02-19,SO-42156,Quarrywood Foods,North,R. Lindqvist,Pallet Recovery,Services,9,168.66,1517.94,97.59,878.31
2025-02-20,SO-42158,Vale Provisions,North,A. Okafor,Ambient Pallets,Storage,7,146.90,1028.30,91.14,637.98
2025-02-22,SO-42124,Fenwick Provisions,Midlands,S. Whitfield,Recycled Wrap,Packaging,10,38.10,381.00,25.17,251.70
2025-02-22,SO-42133,Kelvin Trading,North,A. Okafor,Ambient Pallets,Storage,15,147.80,2217.00,93.22,1398.30
2025-02-22,SO-42140,Yarrow Stores,North,A. Okafor,Chilled Logistics,Services,11,493.31,5426.41,287.31,3160.41
2025-02-22,SO-42160,Glenmore Stores,South,M. Delacroix,Chilled Logistics,Services,18,478.61,8614.98,287.88,5181.84
2025-02-23,SO-42130,Dunlin Wholesale,South,M. Delacroix,Recycled Wrap,Packaging,10,35.25,352.50,25.00,250.00
2025-02-23,SO-42132,Jesmond Supply,North,A. Okafor,Chilled Logistics,Services,11,503.06,5533.66,288.43,3172.73
2025-02-23,SO-42146,Ilkley Fresh,South,M. Delacroix,Chilled Logistics,Services,7,507.81,3554.67,286.41,2004.87
2025-02-23,SO-42159,Wetherby Wholesale,South,M. Delacroix,Ambient Pallets,Storage,13,147.27,1914.51,91.29,1186.77
2025-02-24,SO-42105,Selkirk Supply,South,M. Delacroix,Recycled Wrap,Packaging,11,35.81,393.91,25.03,275.33
2025-02-24,SO-42114,Ullswater Foods,South,M. Delacroix,Pallet Recovery,Services,12,163.72,1964.64,99.98,1199.76
2025-02-24,SO-42128,Selkirk Supply,North,R. Lindqvist,Recycled Wrap,Packaging,9,35.28,317.52,24.08,216.72
2025-02-24,SO-42171,Harrowby Markets,North,R. Lindqvist,Chilled Logistics,Services,11,503.90,5542.90,290.14,3191.54
2025-02-25,SO-42134,Jesmond Supply,North,R. Lindqvist,Recycled Wrap,Packaging,9,34.21,307.89,24.52,220.68
2025-02-25,SO-42143,Fenwick Provisions,North,A. Okafor,Pallet Recovery,Services,8,168.42,1347.36,99.21,793.68
2025-02-26,SO-42108,Wetherby Wholesale,North,R. Lindqvist,Insulated Totes,Packaging,9,224.59,2021.31,130.71,1176.39
2025-02-26,SO-42109,Yarrow Stores,North,R. Lindqvist,Recycled Wrap,Packaging,9,34.36,309.24,24.81,223.29
2025-02-26,SO-42119,Yarrow Stores,North,R. Lindqvist,Insulated Totes,Packaging,10,227.64,2276.40,132.17,1321.70
2025-02-26,SO-42147,Eastgate Retail,Midlands,S. Whitfield,Insulated Totes,Packaging,1,222.51,222.51,133.05,133.05
2025-02-26,SO-42154,Selkirk Supply,North,A. Okafor,Recycled Wrap,Packaging,11,35.52,390.72,23.96,263.56
2025-02-26,SO-42166,Fenwick Provisions,Scotland,T. Buchanan,Pallet Recovery,Services,10,175.92,1759.20,99.96,999.60
2025-02-26,SO-42175,Wetherby Wholesale,Midlands,S. Whitfield,Insulated Totes,Packaging,3,213.39,640.17,132.07,396.21
2025-02-26,SO-42176,Thirlmere Trading,North,A. Okafor,Chilled Logistics,Services,13,456.93,5940.09,282.71,3675.23
2025-02-27,SO-42123,Zetland Markets,Scotland,T. Buchanan,Chilled Logistics,Services,9,504.54,4540.86,291.25,2621.25
2025-02-27,SO-42150,Selkirk Supply,North,A. Okafor,Ambient Pallets,Storage,8,136.62,1092.96,89.81,718.48
2025-02-28,SO-42151,Penrith Provisions,North,A. Okafor,Pallet Recovery,Services,5,168.79,843.95,97.91,489.55
2025-02-28,SO-42163,Quarrywood Foods,North,A. Okafor,Recycled Wrap,Packaging,12,35.47,425.64,24.73,296.76
2025-03-01,SO-42226,Marchmont Retail,South,M. Delacroix,Pallet Recovery,Services,7,162.09,1134.63,100.93,706.51
2025-03-01,SO-42227,Braemar Foods,South,M. Delacroix,Recycled Wrap,Packaging,6,34.39,206.34,24.92,149.52
2025-03-01,SO-42265,Vale Provisions,North,R. Lindqvist,Chilled Logistics,Services,13,470.83,6120.79,282.12,3667.56
2025-03-02,SO-42185,Zetland Markets,South,M. Delacroix,Pallet Recovery,Services,5,169.10,845.50,101.06,505.30
2025-03-02,SO-42186,Langdale Foods,Midlands,S. Whitfield,Pallet Recovery,Services,15,168.06,2520.90,98.70,1480.50
2025-03-02,SO-42200,Harrowby Markets,North,R. Lindqvist,Chilled Logistics,Services,12,482.12,5785.44,296.10,3553.20
2025-03-02,SO-42258,Wetherby Wholesale,South,M. Delacroix,Insulated Totes,Packaging,3,224.05,672.15,137.00,411.00
2025-03-03,SO-42179,Vale Provisions,North,A. Okafor,Chilled Logistics,Services,10,465.22,4652.20,294.29,2942.90
2025-03-03,SO-42220,Yarrow Stores,North,A. Okafor,Pallet Recovery,Services,7,164.43,1151.01,99.06,693.42
2025-03-03,SO-42257,Jesmond Supply,South,M. Delacroix,Legacy Crates,Storage,11,94.34,1037.74,61.56,677.16
2025-03-04,SO-42198,Vale Provisions,Scotland,T. Buchanan,Recycled Wrap,Packaging,12,34.66,415.92,24.38,292.56
2025-03-04,SO-42208,Penrith Provisions,North,R. Lindqvist,Insulated Totes,Packaging,7,217.87,1525.09,130.89,916.23
2025-03-06,SO-42181,Kelvin Trading,Midlands,S. Whitfield,Pallet Recovery,Services,11,169.73,1867.03,97.09,1067.99
2025-03-06,SO-42182,Thirlmere Trading,North,A. Okafor,Chilled Logistics,Services,12,458.62,5503.44,293.98,3527.76
2025-03-06,SO-42206,Penrith Provisions,South,M. Delacroix,Recycled Wrap,Packaging,13,35.06,455.78,23.91,310.83
2025-03-06,SO-42219,Ullswater Foods,South,M. Delacroix,Chilled Logistics,Services,12,464.94,5579.28,284.20,3410.40
2025-03-07,SO-42240,Thirlmere Trading,North,R. Lindqvist,Recycled Wrap,Packaging,6,35.85,215.10,24.00,144.00
2025-03-07,SO-42261,Fenwick Provisions,North,A. Okafor,Chilled Logistics,Services,5,507.43,2537.15,293.01,1465.05
2025-03-08,SO-42215,Vale Provisions,North,R. Lindqvist,Ambient Pallets,Storage,12,148.98,1787.76,93.08,1116.96
2025-03-09,SO-42207,Wetherby Wholesale,South,M. Delacroix,Pallet Recovery,Services,1,157.10,157.10,99.95,99.95
2025-03-09,SO-42217,Braemar Foods,North,A. Okafor,Recycled Wrap,Packaging,9,37.40,336.60,24.71,222.39
2025-03-09,SO-42253,Dunlin Wholesale,South,M. Delacroix,Chilled Logistics,Services,5,460.32,2301.60,283.80,1419.00
2025-03-09,SO-42260,Wetherby Wholesale,South,M. Delacroix,Ambient Pallets,Storage,8,150.15,1201.20,94.80,758.40
2025-03-10,SO-42199,Kelvin Trading,South,M. Delacroix,Insulated Totes,Packaging,5,216.02,1080.10,131.45,657.25
2025-03-10,SO-42202,Ravensdale Markets,South,M. Delacroix,Chilled Logistics,Services,5,473.40,2367.00,293.31,1466.55
2025-03-10,SO-42203,Vale Provisions,North,A. Okafor,Ambient Pallets,Storage,11,136.59,1502.49,94.83,1043.13
2025-03-10,SO-42266,Glenmore Stores,North,A. Okafor,Recycled Wrap,Packaging,9,34.85,313.65,24.17,217.53
2025-03-11,SO-42244,Vale Provisions,North,R. Lindqvist,Chilled Logistics,Services,15,504.62,7569.30,287.62,4314.30
2025-03-12,SO-42212,Penrith Provisions,Midlands,S. Whitfield,Ambient Pallets,Storage,8,144.53,1156.24,92.81,742.48
2025-03-12,SO-42230,Vale Provisions,Midlands,S. Whitfield,Pallet Recovery,Services,7,156.16,1093.12,98.49,689.43
2025-03-12,SO-42232,Langdale Foods,South,M. Delacroix,Recycled Wrap,Packaging,8,34.23,273.84,24.41,195.28
2025-03-12,SO-42237,Dunlin Wholesale,North,A. Okafor,Ambient Pallets,Storage,9,151.37,1362.33,91.58,824.22
2025-03-12,SO-42243,Penrith Provisions,South,M. Delacroix,Legacy Crates,Storage,13,84.20,1094.60,60.10,781.30
2025-03-12,SO-42256,Dunlin Wholesale,North,R. Lindqvist,Pallet Recovery,Services,11,172.29,1895.19,100.47,1105.17
2025-03-13,SO-42193,Harrowby Markets,North,R. Lindqvist,Ambient Pallets,Storage,6,146.36,878.16,90.07,540.42
2025-03-13,SO-42235,Selkirk Supply,Midlands,S. Whitfield,Ambient Pallets,Storage,8,138.08,1104.64,92.38,739.04
2025-03-13,SO-42259,Marchmont Retail,North,A. Okafor,Chilled Logistics,Services,15,488.49,7327.35,284.11,4261.65
2025-03-14,SO-42189,Oakworth Stores,North,R. Lindqvist,Ambient Pallets,Storage,8,149.21,1193.68,89.71,717.68
2025-03-14,SO-42201,Braemar Foods,North,R. Lindqvist,Ambient Pallets,Storage,3,138.19,414.57,94.97,284.91
2025-03-15,SO-42209,Kelvin Trading,Scotland,T. Buchanan,Ambient Pallets,Storage,10,139.08,1390.80,91.08,910.80
2025-03-15,SO-42210,Netherby Group,North,A. Okafor,Legacy Crates,Storage,11,88.31,971.41,63.66,700.26
2025-03-15,SO-42236,Yarrow Stores,South,M. Delacroix,Recycled Wrap,Packaging,12,34.67,416.04,25.24,302.88
2025-03-15,SO-42246,Dunlin Wholesale,South,M. Delacroix,Ambient Pallets,Storage,5,144.40,722.00,93.58,467.90
2025-03-15,SO-42263,Selkirk Supply,North,R. Lindqvist,Ambient Pallets,Storage,6,142.39,854.34,95.04,570.24
2025-03-15,SO-42264,Selkirk Supply,Midlands,S. Whitfield,Insulated Totes,Packaging,8,206.75,1654.00,130.12,1040.96
2025-03-17,SO-42184,Kelvin Trading,South,M. Delacroix,Insulated Totes,Packaging,8,222.51,1780.08,129.50,1036.00
2025-03-17,SO-42188,Yarrow Stores,Midlands,S. Whitfield,Ambient Pallets,Storage,4,151.39,605.56,90.03,360.12
2025-03-18,SO-42191,Quarrywood Foods,Scotland,T. Buchanan,Recycled Wrap,Packaging,6,37.39,224.34,24.84,149.04
2025-03-18,SO-42233,Wetherby Wholesale,North,A. Okafor,Chilled Logistics,Services,7,486.68,3406.76,284.73,1993.11
2025-03-19,SO-42234,Calder Grocers,South,M. Delacroix,Insulated Totes,Packaging,10,223.69,2236.90,136.11,1361.10
2025-03-19,SO-42242,Ravensdale Markets,North,A. Okafor,Recycled Wrap,Packaging,11,35.12,386.32,24.92,274.12
2025-03-19,SO-42252,Netherby Group,North,R. Lindqvist,Ambient Pallets,Storage,9,143.74,1293.66,93.65,842.85
2025-03-20,SO-42205,Oakworth Stores,North,A. Okafor,Recycled Wrap,Packaging,12,38.45,461.40,25.00,300.00
2025-03-20,SO-42229,Harrowby Markets,Scotland,T. Buchanan,Pallet Recovery,Services,3,176.18,528.54,97.89,293.67
2025-03-20,SO-42255,Vale Provisions,Midlands,S. Whitfield,Ambient Pallets,Storage,12,149.27,1791.24,91.89,1102.68
2025-03-20,SO-42262,Jesmond Supply,North,A. Okafor,Pallet Recovery,Services,6,166.80,1000.80,100.54,603.24
2025-03-21,SO-42195,Ilkley Fresh,South,M. Delacroix,Pallet Recovery,Services,6,163.19,979.14,98.43,590.58
2025-03-21,SO-42197,Zetland Markets,North,R. Lindqvist,Insulated Totes,Packaging,14,224.11,3137.54,136.32,1908.48
2025-03-21,SO-42222,Netherby Group,North,A. Okafor,Ambient Pallets,Storage,8,141.14,1129.12,94.53,756.24
2025-03-21,SO-42247,Eastgate Retail,Midlands,S. Whitfield,Pallet Recovery,Services,9,155.77,1401.93,97.13,874.17
2025-03-22,SO-42180,Marchmont Retail,South,M. Delacroix,Chilled Logistics,Services,8,500.24,4001.92,290.56,2324.48
2025-03-22,SO-42187,Harrowby Markets,North,R. Lindqvist,Insulated Totes,Packaging,11,227.19,2499.09,135.47,1490.17
2025-03-22,SO-42204,Oakworth Stores,South,M. Delacroix,Chilled Logistics,Services,4,459.09,1836.36,279.74,1118.96
2025-03-22,SO-42211,Braemar Foods,Scotland,T. Buchanan,Ambient Pallets,Storage,5,141.64,708.20,90.76,453.80
2025-03-22,SO-42225,Selkirk Supply,Scotland,T. Buchanan,Chilled Logistics,Services,7,451.37,3159.59,290.42,2032.94
2025-03-22,SO-42250,Jesmond Supply,North,A. Okafor,Chilled Logistics,Services,7,454.79,3183.53,284.26,1989.82
2025-03-23,SO-42223,Langdale Foods,North,A. Okafor,Ambient Pallets,Storage,5,150.55,752.75,91.21,456.05
2025-03-23,SO-42251,Quarrywood Foods,South,M. Delacroix,Recycled Wrap,Packaging,5,35.79,178.95,25.09,125.45
2025-03-24,SO-42183,Calder Grocers,North,R. Lindqvist,Recycled Wrap,Packaging,10,34.50,345.00,24.00,240.00
2025-03-24,SO-42194,Ravensdale Markets,South,M. Delacroix,Insulated Totes,Packaging,2,212.02,424.04,129.84,259.68
2025-03-24,SO-42218,Wetherby Wholesale,Midlands,S. Whitfield,Chilled Logistics,Services,10,466.27,4662.70,283.75,2837.50
2025-03-24,SO-42238,Selkirk Supply,North,A. Okafor,Recycled Wrap,Packaging,14,36.67,513.38,24.75,346.50
2025-03-24,SO-42249,Vale Provisions,Midlands,S. Whitfield,Ambient Pallets,Storage,8,140.53,1124.24,90.25,722.00
2025-03-25,SO-42192,Vale Provisions,South,M. Delacroix,Insulated Totes,Packaging,10,204.82,2048.20,131.70,1317.00
2025-03-25,SO-42221,Dunlin Wholesale,North,R. Lindqvist,Recycled Wrap,Packaging,5,38.36,191.80,24.77,123.85
2025-03-25,SO-42241,Netherby Group,South,M. Delacroix,Pallet Recovery,Services,10,163.58,1635.80,99.02,990.20
2025-03-26,SO-42190,Selkirk Supply,South,M. Delacroix,Pallet Recovery,Services,11,172.19,1894.09,100.62,1106.82
2025-03-26,SO-42216,Vale Provisions,South,M. Delacroix,Pallet Recovery,Services,8,171.29,1370.32,101.47,811.76
2025-03-26,SO-42228,Quarrywood Foods,South,M. Delacroix,Ambient Pallets,Storage,8,135.22,1081.76,93.18,745.44
2025-03-26,SO-42231,Oakworth Stores,Midlands,S. Whitfield,Ambient Pallets,Storage,7,148.91,1042.37,91.31,639.17
2025-03-26,SO-42239,Fenwick Provisions,Midlands,S. Whitfield,Insulated Totes,Packaging,5,207.27,1036.35,133.61,668.05
2025-03-26,SO-42245,Quarrywood Foods,Midlands,S. Whitfield,Pallet Recovery,Services,4,160.34,641.36,100.05,400.20
2025-03-27,SO-42196,Jesmond Supply,North,R. Lindqvist,Ambient Pallets,Storage,7,151.35,1059.45,93.37,653.59
2025-03-27,SO-42213,Eastgate Retail,North,R. Lindqvist,Recycled Wrap,Packaging,14,35.69,499.66,25.21,352.94
2025-03-27,SO-42214,Netherby Group,South,M. Delacroix,Insulated Totes,Packaging,3,225.96,677.88,131.95,395.85
2025-03-27,SO-42248,Vale Provisions,South,M. Delacroix,Ambient Pallets,Storage,11,142.92,1572.12,89.71,986.81
2025-03-27,SO-42254,Vale Provisions,South,M. Delacroix,Recycled Wrap,Packaging,9,34.30,308.70,24.04,216.36
2025-03-28,SO-42224,Ravensdale Markets,North,R. Lindqvist,Recycled Wrap,Packaging,1,38.48,38.48,24.08,24.08
2025-04-01,SO-42307,Marchmont Retail,Scotland,T. Buchanan,Insulated Totes,Packaging,6,214.81,1288.86,133.61,801.66
2025-04-01,SO-42308,Fenwick Provisions,Scotland,T. Buchanan,Pallet Recovery,Services,12,170.63,2047.56,98.26,1179.12
2025-04-01,SO-42315,Eastgate Retail,Midlands,S. Whitfield,Ambient Pallets,Storage,10,143.10,1431.00,90.48,904.80
2025-04-02,SO-42267,Fenwick Provisions,Midlands,S. Whitfield,Recycled Wrap,Packaging,13,37.63,489.19,24.28,315.64
2025-04-02,SO-42269,Penrith Provisions,South,M. Delacroix,Ambient Pallets,Storage,6,137.77,826.62,91.68,550.08
2025-04-02,SO-42320,Braemar Foods,North,A. Okafor,Recycled Wrap,Packaging,7,38.68,270.76,24.00,168.00
2025-04-02,SO-42352,Harrowby Markets,North,A. Okafor,Chilled Logistics,Services,11,469.59,5165.49,289.64,3186.04
2025-04-03,SO-42276,Kelvin Trading,Midlands,S. Whitfield,Insulated Totes,Packaging,12,205.15,2461.80,137.13,1645.56
2025-04-04,SO-42314,Langdale Foods,North,A. Okafor,Recycled Wrap,Packaging,5,37.85,189.25,23.92,119.60
2025-04-05,SO-42323,Ravensdale Markets,Midlands,S. Whitfield,Pallet Recovery,Services,15,172.27,2584.05,100.19,1502.85
2025-04-05,SO-42345,Yarrow Stores,North,R. Lindqvist,Recycled Wrap,Packaging,6,36.70,220.20,24.64,147.84
2025-04-05,SO-42355,Quarrywood Foods,North,R. Lindqvist,Chilled Logistics,Services,6,491.09,2946.54,293.12,1758.72
2025-04-07,SO-42309,Kelvin Trading,North,R. Lindqvist,Insulated Totes,Packaging,12,212.11,2545.32,136.91,1642.92
2025-04-07,SO-42324,Wetherby Wholesale,Midlands,S. Whitfield,Ambient Pallets,Storage,7,145.92,1021.44,90.57,633.99
2025-04-08,SO-42297,Penrith Provisions,North,R. Lindqvist,Recycled Wrap,Packaging,10,38.33,383.30,25.10,251.00
2025-04-08,SO-42342,Yarrow Stores,Midlands,S. Whitfield,Chilled Logistics,Services,9,486.75,4380.75,282.00,2538.00
2025-04-08,SO-42350,Glenmore Stores,Midlands,S. Whitfield,Insulated Totes,Packaging,5,228.64,1143.20,134.76,673.80
2025-04-09,SO-42322,Dunlin Wholesale,North,A. Okafor,Chilled Logistics,Services,11,489.03,5379.33,282.39,3106.29
2025-04-09,SO-42325,Langdale Foods,Scotland,T. Buchanan,Recycled Wrap,Packaging,14,34.42,481.88,25.10,351.40
2025-04-10,SO-42270,Braemar Foods,South,M. Delacroix,Pallet Recovery,Services,4,155.91,623.64,97.75,391.00
2025-04-10,SO-42285,Wetherby Wholesale,South,M. Delacroix,Ambient Pallets,Storage,16,138.29,2212.64,89.72,1435.52
2025-04-10,SO-42317,Wetherby Wholesale,Scotland,T. Buchanan,Chilled Logistics,Services,12,501.81,6021.72,283.64,3403.68
2025-04-10,SO-42330,Netherby Group,South,M. Delacroix,Pallet Recovery,Services,6,159.42,956.52,101.06,606.36
2025-04-10,SO-42354,Zetland Markets,North,A. Okafor,Recycled Wrap,Packaging,8,37.45,299.60,24.96,199.68
2025-04-11,SO-42282,Fenwick Provisions,North,R. Lindqvist,Recycled Wrap,Packaging,15,34.42,516.30,24.30,364.50
2025-04-11,SO-42303,Jesmond Supply,South,M. Delacroix,Pallet Recovery,Services,4,160.90,643.60,97.83,391.32
2025-04-11,SO-42318,Zetland Markets,North,A. Okafor,Pallet Recovery,Services,6,170.20,1021.20,97.22,583.32
2025-04-11,SO-42319,Quarrywood Foods,North,A. Okafor,Chilled Logistics,Services,10,502.99,5029.90,284.83,2848.30
2025-04-12,SO-42339,Yarrow Stores,North,R. Lindqvist,Recycled Wrap,Packaging,6,37.53,225.18,24.84,149.04
2025-04-12,SO-42340,Marchmont Retail,South,M. Delacroix,Ambient Pallets,Storage,7,138.96,972.72,89.99,629.93
2025-04-12,SO-42357,Oakworth Stores,Scotland,T. Buchanan,Pallet Recovery,Services,16,161.13,2578.08,98.89,1582.24
2025-04-13,SO-42278,Harrowby Markets,Scotland,T. Buchanan,Pallet Recovery,Services,4,159.85,639.40,96.94,387.76
2025-04-13,SO-42280,Zetland Markets,North,A. Okafor,Recycled Wrap,Packaging,4,36.50,146.00,24.36,97.44
2025-04-13,SO-42289,Ravensdale Markets,North,A. Okafor,Recycled Wrap,Packaging,9,35.24,317.16,24.03,216.27
2025-04-13,SO-42360,Oakworth Stores,Midlands,S. Whitfield,Chilled Logistics,Services,9,463.58,4172.22,284.00,2556.00
2025-04-14,SO-42312,Yarrow Stores,South,M. Delacroix,Pallet Recovery,Services,7,165.61,1159.27,99.62,697.34
2025-04-14,SO-42338,Zetland Markets,North,A. Okafor,Recycled Wrap,Packaging,10,38.41,384.10,24.89,248.90
2025-04-15,SO-42272,Langdale Foods,North,R. Lindqvist,Legacy Crates,Storage,6,84.27,505.62,62.39,374.34
2025-04-15,SO-42288,Harrowby Markets,North,R. Lindqvist,Chilled Logistics,Services,8,451.52,3612.16,289.74,2317.92
2025-04-15,SO-42316,Calder Grocers,North,A. Okafor,Insulated Totes,Packaging,1,227.72,227.72,131.53,131.53
2025-04-16,SO-42292,Selkirk Supply,Midlands,S. Whitfield,Pallet Recovery,Services,9,163.07,1467.63,97.56,878.04
2025-04-16,SO-42313,Zetland Markets,North,A. Okafor,Insulated Totes,Packaging,7,206.96,1448.72,135.79,950.53
2025-04-16,SO-42334,Zetland Markets,North,A. Okafor,Pallet Recovery,Services,9,172.94,1556.46,101.71,915.39
2025-04-16,SO-42351,Fenwick Provisions,North,A. Okafor,Insulated Totes,Packaging,7,219.14,1533.98,131.33,919.31
2025-04-17,SO-42356,Selkirk Supply,North,A. Okafor,Insulated Totes,Packaging,11,225.24,2477.64,132.71,1459.81
2025-04-18,SO-42273,Fenwick Provisions,South,M. Delacroix,Ambient Pallets,Storage,12,139.17,1670.04,94.48,1133.76
2025-04-18,SO-42277,Fenwick Provisions,Midlands,S. Whitfield,Recycled Wrap,Packaging,11,34.84,383.24,23.99,263.89
2025-04-18,SO-42291,Kelvin Trading,North,R. Lindqvist,Recycled Wrap,Packaging,11,36.31,399.41,23.98,263.78
2025-04-18,SO-42295,Calder Grocers,North,R. Lindqvist,Insulated Totes,Packaging,12,222.11,2665.32,137.02,1644.24
2025-04-18,SO-42306,Ravensdale Markets,Scotland,T. Buchanan,Recycled Wrap,Packaging,10,36.94,369.40,24.24,242.40
2025-04-18,SO-42326,Eastgate Retail,North,R. Lindqvist,Insulated Totes,Packaging,9,228.70,2058.30,130.19,1171.71
2025-04-18,SO-42329,Selkirk Supply,North,R. Lindqvist,Pallet Recovery,Services,9,160.67,1446.03,99.07,891.63
2025-04-18,SO-42331,Marchmont Retail,North,A. Okafor,Recycled Wrap,Packaging,11,35.30,388.30,24.44,268.84
2025-04-19,SO-42274,Dunlin Wholesale,Midlands,S. Whitfield,Chilled Logistics,Services,10,507.03,5070.30,284.05,2840.50
2025-04-19,SO-42279,Calder Grocers,South,M. Delacroix,Ambient Pallets,Storage,12,134.30,1611.60,92.90,1114.80
2025-04-19,SO-42353,Vale Provisions,South,M. Delacroix,Legacy Crates,Storage,12,90.90,1090.80,63.06,756.72
2025-04-20,SO-42328,Kelvin Trading,South,M. Delacroix,Ambient Pallets,Storage,9,140.87,1267.83,91.31,821.79
2025-04-21,SO-42300,Oakworth Stores,North,R. Lindqvist,Pallet Recovery,Services,8,156.12,1248.96,100.73,805.84
2025-04-21,SO-42305,Netherby Group,North,A. Okafor,Chilled Logistics,Services,12,479.07,5748.84,285.83,3429.96
2025-04-21,SO-42358,Vale Provisions,Midlands,S. Whitfield,Recycled Wrap,Packaging,3,36.23,108.69,24.34,73.02
2025-04-22,SO-42275,Wetherby Wholesale,South,M. Delacroix,Recycled Wrap,Packaging,4,38.54,154.16,23.99,95.96
2025-04-22,SO-42302,Eastgate Retail,Midlands,S. Whitfield,Recycled Wrap,Packaging,7,38.61,270.27,24.61,172.27
2025-04-22,SO-42333,Kelvin Trading,Scotland,T. Buchanan,Insulated Totes,Packaging,6,223.65,1341.90,133.31,799.86
2025-04-22,SO-42343,Wetherby Wholesale,Midlands,S. Whitfield,Legacy Crates,Storage,11,91.04,1001.44,63.63,699.93
2025-04-23,SO-42281,Thirlmere Trading,Scotland,T. Buchanan,Insulated Totes,Packaging,6,223.51,1341.06,135.63,813.78
2025-04-23,SO-42347,Thirlmere Trading,North,A. Okafor,Insulated Totes,Packaging,8,209.75,1678.00,134.25,1074.00
2025-04-23,SO-42348,Ilkley Fresh,Scotland,T. Buchanan,Chilled Logistics,Services,4,472.95,1891.80,289.45,1157.80
2025-04-24,SO-42284,Penrith Provisions,South,M. Delacroix,Recycled Wrap,Packaging,9,34.29,308.61,25.10,225.90
2025-04-24,SO-42311,Braemar Foods,North,A. Okafor,Pallet Recovery,Services,14,175.88,2462.32,96.83,1355.62
2025-04-24,SO-42335,Thirlmere Trading,South,M. Delacroix,Recycled Wrap,Packaging,11,38.44,422.84,25.35,278.85
2025-04-24,SO-42359,Langdale Foods,Scotland,T. Buchanan,Chilled Logistics,Services,8,469.74,3757.92,293.00,2344.00
2025-04-25,SO-42268,Eastgate Retail,Midlands,S. Whitfield,Chilled Logistics,Services,8,507.87,4062.96,288.77,2310.16
2025-04-25,SO-42287,Oakworth Stores,North,R. Lindqvist,Insulated Totes,Packaging,3,227.34,682.02,135.01,405.03
2025-04-25,SO-42290,Marchmont Retail,North,A. Okafor,Ambient Pallets,Storage,7,140.20,981.40,91.43,640.01
2025-04-25,SO-42294,Oakworth Stores,Scotland,T. Buchanan,Chilled Logistics,Services,11,469.45,5163.95,282.01,3102.11
2025-04-25,SO-42296,Ullswater Foods,Midlands,S. Whitfield,Insulated Totes,Packaging,14,210.12,2941.68,135.09,1891.26
2025-04-25,SO-42298,Vale Provisions,Midlands,S. Whitfield,Recycled Wrap,Packaging,6,36.62,219.72,24.43,146.58
2025-04-25,SO-42299,Calder Grocers,North,R. Lindqvist,Insulated Totes,Packaging,7,220.11,1540.77,135.81,950.67
2025-04-25,SO-42304,Wetherby Wholesale,North,R. Lindqvist,Recycled Wrap,Packaging,15,38.16,572.40,25.20,378.00
2025-04-25,SO-42310,Jesmond Supply,Midlands,S. Whitfield,Ambient Pallets,Storage,14,149.70,2095.80,94.35,1320.90
2025-04-25,SO-42321,Eastgate Retail,North,R. Lindqvist,Chilled Logistics,Services,12,464.75,5577.00,287.99,3455.88
2025-04-25,SO-42336,Ilkley Fresh,Scotland,T. Buchanan,Insulated Totes,Packaging,8,208.28,1666.24,131.77,1054.16
2025-04-25,SO-42341,Vale Provisions,South,M. Delacroix,Insulated Totes,Packaging,11,210.22,2312.42,135.84,1494.24
2025-04-25,SO-42344,Ullswater Foods,South,M. Delacroix,Recycled Wrap,Packaging,7,37.70,263.90,24.22,169.54
2025-04-26,SO-42271,Fenwick Provisions,North,A. Okafor,Ambient Pallets,Storage,10,141.64,1416.40,90.92,909.20
2025-04-26,SO-42332,Langdale Foods,North,A. Okafor,Pallet Recovery,Services,9,166.25,1496.25,98.27,884.43
2025-04-26,SO-42337,Dunlin Wholesale,North,R. Lindqvist,Ambient Pallets,Storage,7,151.33,1059.31,92.22,645.54
2025-04-27,SO-42293,Quarrywood Foods,North,A. Okafor,Chilled Logistics,Services,10,468.93,4689.30,296.07,2960.70
2025-04-27,SO-42301,Langdale Foods,South,M. Delacroix,Chilled Logistics,Services,6,477.09,2862.54,292.14,1752.84
2025-04-28,SO-42283,Ilkley Fresh,Midlands,S. Whitfield,Insulated Totes,Packaging,9,220.51,1984.59,133.94,1205.46
2025-04-28,SO-42286,Selkirk Supply,Midlands,S. Whitfield,Insulated Totes,Packaging,6,206.41,1238.46,131.16,786.96
2025-04-28,SO-42327,Fenwick Provisions,North,A. Okafor,Pallet Recovery,Services,7,171.24,1198.68,100.23,701.61
2025-04-28,SO-42346,Zetland Markets,North,R. Lindqvist,Chilled Logistics,Services,10,509.90,5099.00,287.59,2875.90
2025-04-28,SO-42349,Eastgate Retail,North,R. Lindqvist,Insulated Totes,Packaging,8,210.38,1683.04,135.07,1080.56
2025-05-01,SO-42404,Zetland Markets,North,A. Okafor,Chilled Logistics,Services,6,471.64,2829.84,292.07,1752.42
2025-05-01,SO-42427,Braemar Foods,Midlands,S. Whitfield,Chilled Logistics,Services,3,481.58,1444.74,282.59,847.77
2025-05-01,SO-42443,Zetland Markets,North,A. Okafor,Chilled Logistics,Services,10,496.40,4964.00,283.69,2836.90
2025-05-01,SO-42457,Kelvin Trading,South,M. Delacroix,Recycled Wrap,Packaging,14,37.39,523.46,24.42,341.88
2025-05-03,SO-42409,Ullswater Foods,North,R. Lindqvist,Recycled Wrap,Packaging,2,35.60,71.20,25.32,50.64
2025-05-03,SO-42424,Yarrow Stores,South,M. Delacroix,Ambient Pallets,Storage,9,138.98,1250.82,89.82,808.38
2025-05-03,SO-42441,Calder Grocers,Midlands,S. Whitfield,Recycled Wrap,Packaging,8,35.54,284.32,25.24,201.92
2025-05-04,SO-42399,Zetland Markets,Scotland,T. Buchanan,Recycled Wrap,Packaging,10,38.61,386.10,23.96,239.60
2025-05-05,SO-42384,Selkirk Supply,South,M. Delacroix,Ambient Pallets,Storage,9,143.23,1289.07,94.41,849.69
2025-05-05,SO-42390,Oakworth Stores,North,R. Lindqvist,Pallet Recovery,Services,5,167.67,838.35,100.34,501.70
2025-05-05,SO-42419,Netherby Group,South,M. Delacroix,Recycled Wrap,Packaging,7,36.47,255.29,25.30,177.10
2025-05-06,SO-42438,Dunlin Wholesale,South,M. Delacroix,Insulated Totes,Packaging,7,229.43,1606.01,131.68,921.76
2025-05-06,SO-42449,Kelvin Trading,Scotland,T. Buchanan,Chilled Logistics,Services,4,469.38,1877.52,295.40,1181.60
2025-05-06,SO-42451,Marchmont Retail,North,A. Okafor,Chilled Logistics,Services,10,457.64,4576.40,293.90,2939.00
2025-05-07,SO-42385,Marchmont Retail,Midlands,S. Whitfield,Pallet Recovery,Services,3,166.48,499.44,101.07,303.21
2025-05-07,SO-42397,Penrith Provisions,Midlands,S. Whitfield,Pallet Recovery,Services,14,161.00,2254.00,101.69,1423.66
2025-05-07,SO-42406,Glenmore Stores,North,A. Okafor,Ambient Pallets,Storage,8,142.07,1136.56,93.18,745.44
2025-05-07,SO-42418,Dunlin Wholesale,Midlands,S. Whitfield,Insulated Totes,Packaging,9,210.70,1896.30,132.17,1189.53
2025-05-08,SO-42369,Fenwick Provisions,South,M. Delacroix,Chilled Logistics,Services,10,472.61,4726.10,290.09,2900.90
2025-05-08,SO-42395,Braemar Foods,South,M. Delacroix,Insulated Totes,Packaging,5,225.67,1128.35,132.91,664.55
2025-05-08,SO-42430,Netherby Group,Midlands,S. Whitfield,Insulated Totes,Packaging,8,226.05,1808.40,134.89,1079.12
2025-05-08,SO-42436,Ravensdale Markets,North,R. Lindqvist,Recycled Wrap,Packaging,6,37.18,223.08,24.36,146.16
2025-05-09,SO-42363,Quarrywood Foods,North,A. Okafor,Insulated Totes,Packaging,9,204.13,1837.17,134.43,1209.87
2025-05-09,SO-42364,Ravensdale Markets,Scotland,T. Buchanan,Recycled Wrap,Packaging,4,38.33,153.32,25.22,100.88
2025-05-09,SO-42444,Wetherby Wholesale,North,A. Okafor,Recycled Wrap,Packaging,5,36.87,184.35,25.25,126.25
2025-05-10,SO-42367,Harrowby Markets,North,R. Lindqvist,Recycled Wrap,Packaging,6,35.00,210.00,24.17,145.02
2025-05-10,SO-42378,Penrith Provisions,South,M. Delacroix,Legacy Crates,Storage,11,88.21,970.31,61.35,674.85
2025-05-10,SO-42393,Glenmore Stores,Midlands,S. Whitfield,Chilled Logistics,Services,13,506.07,6578.91,291.86,3794.18
2025-05-10,SO-42408,Ullswater Foods,North,A. Okafor,Legacy Crates,Storage,10,83.57,835.70,61.18,611.80
2025-05-10,SO-42423,Selkirk Supply,South,M. Delacroix,Chilled Logistics,Services,13,497.09,6462.17,291.56,3790.28
2025-05-10,SO-42435,Wetherby Wholesale,North,R. Lindqvist,Insulated Totes,Packaging,4,225.29,901.16,130.52,522.08
2025-05-10,SO-42448,Wetherby Wholesale,Scotland,T. Buchanan,Pallet Recovery,Services,10,156.78,1567.80,98.80,988.00
2025-05-11,SO-42368,Yarrow Stores,Midlands,S. Whitfield,Chilled Logistics,Services,6,511.72,3070.32,286.45,1718.70
2025-05-11,SO-42372,Dunlin Wholesale,Scotland,T. Buchanan,Insulated Totes,Packaging,12,213.77,2565.24,135.12,1621.44
2025-05-11,SO-42387,Ilkley Fresh,North,A. Okafor,Recycled Wrap,Packaging,11,37.06,407.66,24.79,272.69
2025-05-11,SO-42394,Netherby Group,Midlands,S. Whitfield,Recycled Wrap,Packaging,10,38.41,384.10,24.71,247.10
2025-05-11,SO-42434,Calder Grocers,North,R. Lindqvist,Ambient Pallets,Storage,7,136.72,957.04,93.50,654.50
2025-05-12,SO-42386,Harrowby Markets,Scotland,T. Buchanan,Pallet Recovery,Services,8,174.61,1396.88,101.29,810.32
2025-05-12,SO-42400,Eastgate Retail,North,R. Lindqvist,Insulated Totes,Packaging,8,204.66,1637.28,136.61,1092.88
2025-05-12,SO-42429,Quarrywood Foods,North,A. Okafor,Ambient Pallets,Storage,7,146.91,1028.37,94.54,661.78
2025-05-12,SO-42453,Penrith Provisions,North,R. Lindqvist,Recycled Wrap,Packaging,11,36.85,405.35,24.39,268.29
2025-05-13,SO-42371,Jesmond Supply,North,A. Okafor,Pallet Recovery,Services,10,161.28,1612.80,97.92,979.20
2025-05-13,SO-42392,Ilkley Fresh,Midlands,S. Whitfield,Pallet Recovery,Services,5,155.49,777.45,98.14,490.70
2025-05-13,SO-42407,Vale Provisions,South,M. Delacroix,Recycled Wrap,Packaging,7,35.76,250.32,25.12,175.84
2025-05-13,SO-42422,Fenwick Provisions,Scotland,T. Buchanan,Recycled Wrap,Packaging,9,36.27,326.43,24.37,219.33
2025-05-13,SO-42450,Dunlin Wholesale,Scotland,T. Buchanan,Insulated Totes,Packaging,7,207.57,1452.99,136.59,956.13
2025-05-14,SO-42382,Braemar Foods,Scotland,T. Buchanan,Chilled Logistics,Services,4,502.55,2010.20,291.44,1165.76
2025-05-14,SO-42431,Langdale Foods,Midlands,S. Whitfield,Chilled Logistics,Services,7,454.91,3184.37,287.32,2011.24
2025-05-14,SO-42433,Eastgate Retail,North,A. Okafor,Recycled Wrap,Packaging,9,36.48,328.32,24.45,220.05
2025-05-14,SO-42437,Braemar Foods,South,M. Delacroix,Recycled Wrap,Packaging,12,34.83,417.96,24.82,297.84
2025-05-15,SO-42389,Ilkley Fresh,North,R. Lindqvist,Insulated Totes,Packaging,9,210.87,1897.83,133.55,1201.95
2025-05-15,SO-42401,Fenwick Provisions,Scotland,T. Buchanan,Insulated Totes,Packaging,13,217.82,2831.66,131.86,1714.18
2025-05-16,SO-42447,Ullswater Foods,North,A. Okafor,Insulated Totes,Packaging,10,225.44,2254.40,132.33,1323.30
2025-05-16,SO-42452,Marchmont Retail,Midlands,S. Whitfield,Recycled Wrap,Packaging,6,38.39,230.34,25.18,151.08
2025-05-17,SO-42381,Penrith Provisions,Midlands,S. Whitfield,Ambient Pallets,Storage,8,138.72,1109.76,89.60,716.80
2025-05-17,SO-42439,Wetherby Wholesale,South,M. Delacroix,Chilled Logistics,Services,13,460.86,5991.18,296.13,3849.69
2025-05-18,SO-42380,Calder Grocers,Midlands,S. Whitfield,Pallet Recovery,Services,8,175.14,1401.12,96.51,772.08
2025-05-18,SO-42413,Glenmore Stores,Midlands,S. Whitfield,Pallet Recovery,Services,12,156.44,1877.28,101.80,1221.60
2025-05-18,SO-42417,Penrith Provisions,North,R. Lindqvist,Insulated Totes,Packaging,8,221.66,1773.28,131.76,1054.08
2025-05-19,SO-42370,Kelvin Trading,Midlands,S. Whitfield,Pallet Recovery,Services,7,175.64,1229.48,98.83,691.81
2025-05-19,SO-42374,Braemar Foods,North,A. Okafor,Recycled Wrap,Packaging,11,36.25,398.75,25.03,275.33
2025-05-19,SO-42375,Ullswater Foods,North,R. Lindqvist,Insulated Totes,Packaging,7,213.09,1491.63,132.66,928.62
2025-05-19,SO-42410,Thirlmere Trading,Midlands,S. Whitfield,Recycled Wrap,Packaging,6,36.83,220.98,24.17,145.02
2025-05-19,SO-42415,Vale Provisions,Midlands,S. Whitfield,Recycled Wrap,Packaging,7,34.63,242.41,25.00,175.00
2025-05-19,SO-42442,Marchmont Retail,North,R. Lindqvist,Insulated Totes,Packaging,14,214.55,3003.70,132.01,1848.14
2025-05-19,SO-42456,Calder Grocers,North,R. Lindqvist,Pallet Recovery,Services,9,159.19,1432.71,100.42,903.78
2025-05-20,SO-42373,Oakworth Stores,North,R. Lindqvist,Insulated Totes,Packaging,10,220.20,2202.00,136.36,1363.60
2025-05-20,SO-42402,Langdale Foods,South,M. Delacroix,Insulated Totes,Packaging,5,216.29,1081.45,133.31,666.55
2025-05-21,SO-42391,Marchmont Retail,South,M. Delacroix,Legacy Crates,Storage,11,89.58,985.38,60.82,669.02
2025-05-21,SO-42421,Calder Grocers,North,A. Okafor,Insulated Totes,Packaging,4,222.29,889.16,137.11,548.44
2025-05-22,SO-42361,Eastgate Retail,North,R. Lindqvist,Recycled Wrap,Packaging,7,38.45,269.15,25.01,175.07
2025-05-22,SO-42377,Oakworth Stores,Midlands,S. Whitfield,Chilled Logistics,Services,10,472.85,4728.50,292.24,2922.40
2025-05-22,SO-42383,Netherby Group,Midlands,S. Whitfield,Pallet Recovery,Services,4,161.27,645.08,98.59,394.36
2025-05-22,SO-42388,Penrith Provisions,Midlands,S. Whitfield,Chilled Logistics,Services,2,489.17,978.34,290.76,581.52
2025-05-22,SO-42396,Thirlmere Trading,Midlands,S. Whitfield,Pallet Recovery,Services,9,167.54,1507.86,100.82,907.38
2025-05-22,SO-42428,Selkirk Supply,Scotland,T. Buchanan,Legacy Crates,Storage,3,86.61,259.83,61.61,184.83
2025-05-22,SO-42455,Ilkley Fresh,North,A. Okafor,Ambient Pallets,Storage,8,144.52,1156.16,92.23,737.84
2025-05-23,SO-42414,Zetland Markets,North,A. Okafor,Chilled Logistics,Services,10,510.50,5105.00,296.51,2965.10
2025-05-23,SO-42426,Zetland Markets,South,M. Delacroix,Recycled Wrap,Packaging,6,36.35,218.10,25.21,151.26
2025-05-24,SO-42366,Ullswater Foods,South,M. Delacroix,Insulated Totes,Packaging,5,218.21,1091.05,131.68,658.40
2025-05-24,SO-42376,Dunlin Wholesale,South,M. Delacroix,Pallet Recovery,Services,11,173.94,1913.34,96.53,1061.83
2025-05-24,SO-42445,Wetherby Wholesale,South,M. Delacroix,Ambient Pallets,Storage,9,145.80,1312.20,94.87,853.83
2025-05-25,SO-42420,Selkirk Supply,North,R. Lindqvist,Legacy Crates,Storage,10,90.71,907.10,63.72,637.20
2025-05-25,SO-42440,Yarrow Stores,Midlands,S. Whitfield,Recycled Wrap,Packaging,15,34.76,521.40,24.45,366.75
2025-05-26,SO-42425,Ravensdale Markets,North,A. Okafor,Recycled Wrap,Packaging,9,34.53,310.77,24.82,223.38
2025-05-26,SO-42454,Ullswater Foods,North,R. Lindqvist,Ambient Pallets,Storage,6,148.87,893.22,92.30,553.80
2025-05-27,SO-42362,Fenwick Provisions,North,R. Lindqvist,Pallet Recovery,Services,7,170.97,1196.79,96.85,677.95
2025-05-27,SO-42365,Calder Grocers,Scotland,T. Buchanan,Recycled Wrap,Packaging,11,34.49,379.39,24.95,274.45
2025-05-27,SO-42379,Zetland Markets,South,M. Delacroix,Chilled Logistics,Services,11,498.90,5487.90,285.09,3135.99
2025-05-27,SO-42398,Zetland Markets,South,M. Delacroix,Recycled Wrap,Packaging,13,38.17,496.21,24.87,323.31
2025-05-27,SO-42405,Yarrow Stores,South,M. Delacroix,Pallet Recovery,Services,8,162.87,1302.96,101.62,812.96
2025-05-27,SO-42411,Selkirk Supply,South,M. Delacroix,Ambient Pallets,Storage,7,145.22,1016.54,91.91,643.37
2025-05-28,SO-42403,Netherby Group,North,A. Okafor,Insulated Totes,Packaging,11,222.37,2446.07,133.25,1465.75
2025-05-28,SO-42412,Ullswater Foods,South,M. Delacroix,Recycled Wrap,Packaging,14,38.29,536.06,25.09,351.26
2025-05-28,SO-42416,Thirlmere Trading,Midlands,S. Whitfield,Ambient Pallets,Storage,11,143.05,1573.55,93.95,1033.45
2025-05-28,SO-42432,Dunlin Wholesale,North,A. Okafor,Ambient Pallets,Storage,11,135.35,1488.85,92.92,1022.12
2025-05-28,SO-42446,Eastgate Retail,South,M. Delacroix,Recycled Wrap,Packaging,10,38.54,385.40,24.65,246.50
2025-06-01,SO-42511,Selkirk Supply,South,M. Delacroix,Recycled Wrap,Packaging,10,37.94,379.40,24.81,248.10
2025-06-01,SO-42532,Kelvin Trading,North,R. Lindqvist,Insulated Totes,Packaging,8,217.92,1743.36,131.09,1048.72
2025-06-01,SO-42539,Penrith Provisions,Midlands,S. Whitfield,Pallet Recovery,Services,7,171.08,1197.56,98.74,691.18
2025-06-02,SO-42459,Vale Provisions,Scotland,T. Buchanan,Ambient Pallets,Storage,14,148.88,2084.32,90.06,1260.84
2025-06-02,SO-42498,Glenmore Stores,North,R. Lindqvist,Insulated Totes,Packaging,7,209.40,1465.80,136.52,955.64
2025-06-02,SO-42534,Wetherby Wholesale,South,M. Delacroix,Ambient Pallets,Storage,15,151.49,2272.35,92.93,1393.95
2025-06-02,SO-42551,Ravensdale Markets,South,M. Delacroix,Pallet Recovery,Services,8,161.09,1288.72,97.96,783.68
2025-06-03,SO-42515,Dunlin Wholesale,North,A. Okafor,Insulated Totes,Packaging,5,217.27,1086.35,135.99,679.95
2025-06-05,SO-42480,Fenwick Provisions,Midlands,S. Whitfield,Chilled Logistics,Services,5,483.13,2415.65,288.25,1441.25
2025-06-05,SO-42488,Calder Grocers,South,M. Delacroix,Insulated Totes,Packaging,8,225.80,1806.40,135.39,1083.12
2025-06-05,SO-42530,Marchmont Retail,North,R. Lindqvist,Insulated Totes,Packaging,6,219.00,1314.00,132.69,796.14
2025-06-05,SO-42537,Eastgate Retail,South,M. Delacroix,Ambient Pallets,Storage,4,136.06,544.24,94.24,376.96
2025-06-06,SO-42519,Zetland Markets,North,R. Lindqvist,Insulated Totes,Packaging,7,207.65,1453.55,136.61,956.27
2025-06-06,SO-42535,Langdale Foods,North,A. Okafor,Ambient Pallets,Storage,3,138.95,416.85,89.63,268.89
2025-06-06,SO-42544,Glenmore Stores,South,M. Delacroix,Chilled Logistics,Services,9,490.36,4413.24,282.32,2540.88
2025-06-07,SO-42466,Jesmond Supply,South,M. Delacroix,Ambient Pallets,Storage,11,150.49,1655.39,93.07,1023.77
2025-06-07,SO-42472,Harrowby Markets,Scotland,T. Buchanan,Chilled Logistics,Services,5,470.65,2353.25,290.50,1452.50
2025-06-07,SO-42482,Calder Grocers,Midlands,S. Whitfield,Pallet Recovery,Services,6,174.62,1047.72,101.39,608.34
2025-06-07,SO-42501,Glenmore Stores,North,R. Lindqvist,Pallet Recovery,Services,5,174.65,873.25,99.43,497.15
2025-06-07,SO-42514,Yarrow Stores,Midlands,S. Whitfield,Insulated Totes,Packaging,8,209.03,1672.24,133.71,1069.68
2025-06-07,SO-42521,Selkirk Supply,Midlands,S. Whitfield,Ambient Pallets,Storage,11,137.49,1512.39,94.09,1034.99
2025-06-07,SO-42542,Calder Grocers,North,A. Okafor,Recycled Wrap,Packaging,11,34.50,379.50,25.17,276.87
2025-06-08,SO-42491,Vale Provisions,South,M. Delacroix,Recycled Wrap,Packaging,8,36.20,289.60,24.62,196.96
2025-06-08,SO-42533,Langdale Foods,Midlands,S. Whitfield,Insulated Totes,Packaging,13,219.93,2859.09,136.82,1778.66
2025-06-08,SO-42541,Glenmore Stores,North,R. Lindqvist,Chilled Logistics,Services,11,484.72,5331.92,280.76,3088.36
2025-06-08,SO-42550,Ullswater Foods,Midlands,S. Whitfield,Chilled Logistics,Services,2,503.56,1007.12,287.74,575.48
2025-06-09,SO-42512,Thirlmere Trading,Midlands,S. Whitfield,Recycled Wrap,Packaging,7,37.12,259.84,25.04,175.28
2025-06-10,SO-42481,Eastgate Retail,South,M. Delacroix,Chilled Logistics,Services,9,474.30,4268.70,281.06,2529.54
2025-06-10,SO-42485,Netherby Group,North,A. Okafor,Chilled Logistics,Services,12,512.99,6155.88,282.46,3389.52
2025-06-10,SO-42505,Ravensdale Markets,South,M. Delacroix,Recycled Wrap,Packaging,4,34.42,137.68,25.08,100.32
2025-06-10,SO-42513,Jesmond Supply,Scotland,T. Buchanan,Recycled Wrap,Packaging,9,38.28,344.52,24.26,218.34
2025-06-10,SO-42536,Zetland Markets,North,A. Okafor,Pallet Recovery,Services,6,173.40,1040.40,99.95,599.70
2025-06-11,SO-42458,Oakworth Stores,Midlands,S. Whitfield,Ambient Pallets,Storage,4,137.11,548.44,93.13,372.52
2025-06-11,SO-42494,Langdale Foods,Scotland,T. Buchanan,Pallet Recovery,Services,8,155.89,1247.12,97.21,777.68
2025-06-12,SO-42461,Penrith Provisions,North,A. Okafor,Ambient Pallets,Storage,11,144.54,1589.94,94.09,1034.99
2025-06-12,SO-42545,Ravensdale Markets,South,M. Delacroix,Chilled Logistics,Services,4,511.54,2046.16,287.88,1151.52
2025-06-12,SO-42547,Langdale Foods,North,R. Lindqvist,Legacy Crates,Storage,9,91.34,822.06,62.57,563.13
2025-06-13,SO-42474,Jesmond Supply,Scotland,T. Buchanan,Ambient Pallets,Storage,5,143.10,715.50,91.21,456.05
2025-06-13,SO-42489,Yarrow Stores,South,M. Delacroix,Insulated Totes,Packaging,10,210.77,2107.70,136.32,1363.20
2025-06-13,SO-42492,Thirlmere Trading,North,A. Okafor,Ambient Pallets,Storage,10,150.64,1506.40,93.43,934.30
2025-06-13,SO-42516,Dunlin Wholesale,Midlands,S. Whitfield,Chilled Logistics,Services,9,491.53,4423.77,281.18,2530.62
2025-06-13,SO-42553,Thirlmere Trading,North,A. Okafor,Recycled Wrap,Packaging,13,35.39,460.07,25.03,325.39
2025-06-14,SO-42499,Wetherby Wholesale,Midlands,S. Whitfield,Insulated Totes,Packaging,8,229.31,1834.48,132.43,1059.44
2025-06-14,SO-42538,Langdale Foods,North,R. Lindqvist,Chilled Logistics,Services,8,487.83,3902.64,289.52,2316.16
2025-06-14,SO-42540,Marchmont Retail,North,R. Lindqvist,Chilled Logistics,Services,15,500.29,7504.35,281.59,4223.85
2025-06-15,SO-42479,Kelvin Trading,North,A. Okafor,Chilled Logistics,Services,3,454.83,1364.49,291.76,875.28
2025-06-15,SO-42517,Penrith Provisions,South,M. Delacroix,Ambient Pallets,Storage,12,138.90,1666.80,90.82,1089.84
2025-06-15,SO-42531,Dunlin Wholesale,North,R. Lindqvist,Chilled Logistics,Services,13,458.82,5964.66,294.76,3831.88
2025-06-16,SO-42465,Thirlmere Trading,South,M. Delacroix,Pallet Recovery,Services,7,158.59,1110.13,96.38,674.66
2025-06-17,SO-42468,Ravensdale Markets,North,A. Okafor,Legacy Crates,Storage,10,84.34,843.40,62.74,627.40
2025-06-17,SO-42476,Eastgate Retail,North,R. Lindqvist,Pallet Recovery,Services,8,156.37,1250.96,98.49,787.92
2025-06-17,SO-42502,Kelvin Trading,North,R. Lindqvist,Ambient Pallets,Storage,1,140.80,140.80,89.63,89.63
2025-06-17,SO-42507,Yarrow Stores,Midlands,S. Whitfield,Ambient Pallets,Storage,12,144.94,1739.28,91.81,1101.72
2025-06-17,SO-42509,Dunlin Wholesale,South,M. Delacroix,Chilled Logistics,Services,11,479.86,5278.46,282.95,3112.45
2025-06-17,SO-42548,Vale Provisions,Midlands,S. Whitfield,Recycled Wrap,Packaging,6,34.73,208.38,23.95,143.70
2025-06-18,SO-42462,Eastgate Retail,North,R. Lindqvist,Insulated Totes,Packaging,10,213.16,2131.60,132.28,1322.80
2025-06-18,SO-42497,Marchmont Retail,North,R. Lindqvist,Recycled Wrap,Packaging,9,38.45,346.05,25.02,225.18
2025-06-18,SO-42520,Selkirk Supply,North,R. Lindqvist,Recycled Wrap,Packaging,11,37.29,410.19,24.60,270.60
2025-06-19,SO-42470,Ilkley Fresh,North,A. Okafor,Recycled Wrap,Packaging,10,37.25,372.50,24.50,245.00
2025-06-19,SO-42473,Oakworth Stores,South,M. Delacroix,Recycled Wrap,Packaging,2,34.21,68.42,25.25,50.50
2025-06-19,SO-42493,Thirlmere Trading,North,R. Lindqvist,Pallet Recovery,Services,7,163.35,1143.45,96.58,676.06
2025-06-19,SO-42496,Ilkley Fresh,South,M. Delacroix,Insulated Totes,Packaging,8,216.49,1731.92,134.04,1072.32
2025-06-19,SO-42524,Langdale Foods,North,A. Okafor,Pallet Recovery,Services,10,172.97,1729.70,100.03,1000.30
2025-06-19,SO-42525,Eastgate Retail,South,M. Delacroix,Recycled Wrap,Packaging,8,37.81,302.48,24.12,192.96
2025-06-19,SO-42546,Harrowby Markets,Midlands,S. Whitfield,Insulated Totes,Packaging,11,213.00,2343.00,133.57,1469.27
2025-06-20,SO-42478,Zetland Markets,North,A. Okafor,Pallet Recovery,Services,5,165.85,829.25,99.93,499.65
2025-06-20,SO-42506,Jesmond Supply,Midlands,S. Whitfield,Pallet Recovery,Services,6,176.38,1058.28,97.87,587.22
2025-06-20,SO-42510,Calder Grocers,Midlands,S. Whitfield,Ambient Pallets,Storage,9,139.04,1251.36,89.84,808.56
2025-06-21,SO-42471,Harrowby Markets,Midlands,S. Whitfield,Ambient Pallets,Storage,9,140.98,1268.82,89.74,807.66
2025-06-21,SO-42486,Yarrow Stores,North,R. Lindqvist,Insulated Totes,Packaging,12,228.18,2738.16,131.43,1577.16
2025-06-21,SO-42490,Thirlmere Trading,Midlands,S. Whitfield,Chilled Logistics,Services,7,496.35,3474.45,285.18,1996.26
2025-06-21,SO-42508,Ullswater Foods,North,R. Lindqvist,Pallet Recovery,Services,7,165.82,1160.74,98.49,689.43
2025-06-21,SO-42526,Marchmont Retail,Midlands,S. Whitfield,Pallet Recovery,Services,7,172.24,1205.68,100.54,703.78
2025-06-22,SO-42469,Penrith Provisions,South,M. Delacroix,Chilled Logistics,Services,10,490.55,4905.50,285.35,2853.50
2025-06-22,SO-42523,Harrowby Markets,North,A. Okafor,Recycled Wrap,Packaging,4,35.21,140.84,24.45,97.80
2025-06-23,SO-42475,Oakworth Stores,Scotland,T. Buchanan,Ambient Pallets,Storage,10,147.95,1479.50,90.77,907.70
2025-06-23,SO-42477,Oakworth Stores,South,M. Delacroix,Ambient Pallets,Storage,8,135.72,1085.76,94.65,757.20
2025-06-24,SO-42460,Thirlmere Trading,North,R. Lindqvist,Ambient Pallets,Storage,1,135.94,135.94,92.48,92.48
2025-06-24,SO-42504,Calder Grocers,Midlands,S. Whitfield,Pallet Recovery,Services,4,162.49,649.96,101.31,405.24
2025-06-25,SO-42464,Braemar Foods,South,M. Delacroix,Recycled Wrap,Packaging,7,35.81,250.67,24.75,173.25
2025-06-25,SO-42483,Ilkley Fresh,North,R. Lindqvist,Insulated Totes,Packaging,11,214.54,2359.94,132.72,1459.92
2025-06-25,SO-42503,Thirlmere Trading,North,A. Okafor,Ambient Pallets,Storage,9,137.52,1237.68,93.21,838.89
2025-06-25,SO-42528,Netherby Group,North,A. Okafor,Legacy Crates,Storage,9,89.19,802.71,61.48,553.32
2025-06-25,SO-42529,Harrowby Markets,South,M. Delacroix,Chilled Logistics,Services,10,492.03,4920.30,289.93,2899.30
2025-06-26,SO-42484,Harrowby Markets,North,A. Okafor,Insulated Totes,Packaging,7,202.47,1417.29,133.03,931.21
2025-06-27,SO-42463,Marchmont Retail,South,M. Delacroix,Pallet Recovery,Services,12,157.72,1892.64,98.07,1176.84
2025-06-27,SO-42467,Braemar Foods,North,A. Okafor,Recycled Wrap,Packaging,12,35.40,424.80,24.61,295.32
2025-06-27,SO-42487,Harrowby Markets,Midlands,S. Whitfield,Recycled Wrap,Packaging,9,36.96,332.64,24.96,224.64
2025-06-27,SO-42495,Braemar Foods,Midlands,S. Whitfield,Pallet Recovery,Services,13,158.00,2054.00,98.68,1282.84
2025-06-27,SO-42500,Braemar Foods,South,M. Delacroix,Recycled Wrap,Packaging,6,34.37,206.22,25.03,150.18
2025-06-27,SO-42522,Braemar Foods,Scotland,T. Buchanan,Pallet Recovery,Services,8,159.86,1278.88,97.35,778.80
2025-06-27,SO-42527,Netherby Group,South,M. Delacroix,Chilled Logistics,Services,10,507.32,5073.20,283.66,2836.60
2025-06-27,SO-42543,Glenmore Stores,Midlands,S. Whitfield,Recycled Wrap,Packaging,6,34.76,208.56,24.58,147.48
2025-06-27,SO-42549,Penrith Provisions,South,M. Delacroix,Ambient Pallets,Storage,9,151.91,1367.19,93.80,844.20
2025-06-28,SO-42518,Glenmore Stores,South,M. Delacroix,Recycled Wrap,Packaging,12,36.82,441.84,24.99,299.88
2025-06-28,SO-42552,Kelvin Trading,North,A. Okafor,Insulated Totes,Packaging,15,205.36,3080.40,130.34,1955.10
2025-07-01,SO-42567,Fenwick Provisions,South,M. Delacroix,Insulated Totes,Packaging,7,226.51,1585.57,141.28,988.96
2025-07-01,SO-42585,Braemar Foods,Midlands,S. Whitfield,Legacy Crates,Storage,9,88.30,794.70,63.41,570.69
2025-07-01,SO-42631,Thirlmere Trading,South,M. Delacroix,Chilled Logistics,Services,6,459.76,2758.56,307.32,1843.92
2025-07-02,SO-42610,Kelvin Trading,Scotland,T. Buchanan,Ambient Pallets,Storage,8,142.46,1139.68,96.59,772.72
2025-07-02,SO-42626,Ilkley Fresh,Midlands,S. Whitfield,Chilled Logistics,Services,8,509.93,4079.44,293.83,2350.64
2025-07-02,SO-42644,Ullswater Foods,Midlands,S. Whitfield,Insulated Totes,Packaging,7,207.87,1455.09,135.55,948.85
2025-07-03,SO-42559,Calder Grocers,Midlands,S. Whitfield,Legacy Crates,Storage,4,85.84,343.36,63.83,255.32
2025-07-03,SO-42605,Wetherby Wholesale,North,A. Okafor,Recycled Wrap,Packaging,6,37.47,224.82,25.27,151.62
2025-07-05,SO-42624,Selkirk Supply,Midlands,S. Whitfield,Recycled Wrap,Packaging,10,37.36,373.60,25.02,250.20
2025-07-06,SO-42584,Eastgate Retail,North,A. Okafor,Pallet Recovery,Services,3,174.69,524.07,103.18,309.54
2025-07-06,SO-42622,Dunlin Wholesale,North,A. Okafor,Insulated Totes,Packaging,7,218.16,1527.12,137.59,963.13
2025-07-07,SO-42555,Quarrywood Foods,North,R. Lindqvist,Recycled Wrap,Packaging,8,38.55,308.40,26.03,208.24
2025-07-07,SO-42562,Vale Provisions,South,M. Delacroix,Ambient Pallets,Storage,9,148.75,1338.75,96.47,868.23
2025-07-07,SO-42601,Selkirk Supply,South,M. Delacroix,Insulated Totes,Packaging,9,216.84,1951.56,139.97,1259.73
2025-07-07,SO-42616,Yarrow Stores,Scotland,T. Buchanan,Ambient Pallets,Storage,8,140.57,1124.56,98.80,790.40
2025-07-08,SO-42560,Oakworth Stores,North,R. Lindqvist,Ambient Pallets,Storage,12,139.25,1671.00,98.78,1185.36
2025-07-08,SO-42580,Oakworth Stores,South,M. Delacroix,Chilled Logistics,Services,3,481.28,1443.84,307.74,923.22
2025-07-08,SO-42608,Eastgate Retail,Scotland,T. Buchanan,Insulated Totes,Packaging,9,206.79,1861.11,137.66,1238.94
2025-07-08,SO-42638,Quarrywood Foods,North,R. Lindqvist,Ambient Pallets,Storage,10,140.00,1400.00,97.77,977.70
2025-07-09,SO-42554,Selkirk Supply,South,M. Delacroix,Ambient Pallets,Storage,7,142.73,999.11,97.87,685.09
2025-07-09,SO-42606,Vale Provisions,South,M. Delacroix,Chilled Logistics,Services,5,498.33,2491.65,300.36,1501.80
2025-07-10,SO-42574,Thirlmere Trading,South,M. Delacroix,Insulated Totes,Packaging,14,219.44,3072.16,140.21,1962.94
2025-07-10,SO-42607,Calder Grocers,Scotland,T. Buchanan,Chilled Logistics,Services,8,504.36,4034.88,292.09,2336.72
2025-07-10,SO-42609,Oakworth Stores,South,M. Delacroix,Ambient Pallets,Storage,3,146.88,440.64,97.08,291.24
2025-07-11,SO-42563,Netherby Group,North,R. Lindqvist,Insulated Totes,Packaging,3,227.79,683.37,135.96,407.88
2025-07-11,SO-42578,Zetland Markets,South,M. Delacroix,Chilled Logistics,Services,9,461.25,4151.25,307.28,2765.52
2025-07-11,SO-42600,Selkirk Supply,North,A. Okafor,Chilled Logistics,Services,3,454.11,1362.33,301.34,904.02
2025-07-11,SO-42633,Ravensdale Markets,Scotland,T. Buchanan,Chilled Logistics,Services,15,502.68,7540.20,294.59,4418.85
2025-07-12,SO-42576,Penrith Provisions,South,M. Delacroix,Ambient Pallets,Storage,12,136.36,1636.32,94.65,1135.80
2025-07-12,SO-42586,Ravensdale Markets,North,R. Lindqvist,Chilled Logistics,Services,6,473.98,2843.88,305.68,1834.08
2025-07-12,SO-42603,Penrith Provisions,South,M. Delacroix,Chilled Logistics,Services,6,474.25,2845.50,294.23,1765.38
2025-07-12,SO-42625,Calder Grocers,North,A. Okafor,Ambient Pallets,Storage,12,148.74,1784.88,94.03,1128.36
2025-07-12,SO-42636,Eastgate Retail,North,R. Lindqvist,Ambient Pallets,Storage,8,136.32,1090.56,98.32,786.56
2025-07-13,SO-42581,Wetherby Wholesale,North,A. Okafor,Chilled Logistics,Services,5,504.00,2520.00,293.61,1468.05
2025-07-13,SO-42582,Eastgate Retail,Scotland,T. Buchanan,Recycled Wrap,Packaging,6,34.36,206.16,25.24,151.44
2025-07-13,SO-42587,Quarrywood Foods,North,A. Okafor,Chilled Logistics,Services,8,485.73,3885.84,294.05,2352.40
2025-07-13,SO-42594,Eastgate Retail,North,R. Lindqvist,Recycled Wrap,Packaging,9,34.71,312.39,25.68,231.12
2025-07-13,SO-42596,Quarrywood Foods,Scotland,T. Buchanan,Chilled Logistics,Services,8,499.53,3996.24,296.64,2373.12
2025-07-13,SO-42635,Ilkley Fresh,Scotland,T. Buchanan,Insulated Totes,Packaging,8,209.77,1678.16,138.50,1108.00
2025-07-14,SO-42568,Quarrywood Foods,North,R. Lindqvist,Pallet Recovery,Services,11,164.73,1812.03,101.46,1116.06
2025-07-14,SO-42570,Thirlmere Trading,North,A. Okafor,Pallet Recovery,Services,8,159.60,1276.80,102.08,816.64
2025-07-14,SO-42615,Selkirk Supply,South,M. Delacroix,Chilled Logistics,Services,7,491.76,3442.32,295.00,2065.00
2025-07-15,SO-42591,Fenwick Provisions,Midlands,S. Whitfield,Chilled Logistics,Services,12,484.20,5810.40,296.34,3556.08
2025-07-15,SO-42592,Vale Provisions,North,R. Lindqvist,Recycled Wrap,Packaging,11,37.15,408.65,25.86,284.46
2025-07-15,SO-42602,Jesmond Supply,North,A. Okafor,Ambient Pallets,Storage,9,141.51,1273.59,97.87,880.83
2025-07-16,SO-42566,Ilkley Fresh,North,A. Okafor,Recycled Wrap,Packaging,6,35.21,211.26,26.02,156.12
2025-07-16,SO-42618,Vale Provisions,North,A. Okafor,Ambient Pallets,Storage,11,148.01,1628.11,98.38,1082.18
2025-07-16,SO-42627,Vale Provisions,South,M. Delacroix,Insulated Totes,Packaging,10,212.97,2129.70,136.74,1367.40
2025-07-16,SO-42628,Ravensdale Markets,North,A. Okafor,Recycled Wrap,Packaging,1,35.44,35.44,25.84,25.84
2025-07-16,SO-42639,Dunlin Wholesale,South,M. Delacroix,Recycled Wrap,Packaging,6,36.59,219.54,25.60,153.60
2025-07-17,SO-42597,Wetherby Wholesale,Midlands,S. Whitfield,Recycled Wrap,Packaging,15,37.08,556.20,26.16,392.40
2025-07-17,SO-42620,Dunlin Wholesale,Scotland,T. Buchanan,Legacy Crates,Storage,6,83.92,503.52,65.64,393.84
2025-07-17,SO-42642,Fenwick Provisions,Scotland,T. Buchanan,Insulated Totes,Packaging,9,208.64,1877.76,140.74,1266.66
2025-07-18,SO-42558,Glenmore Stores,North,A. Okafor,Insulated Totes,Packaging,11,217.81,2395.91,142.23,1564.53
2025-07-18,SO-42573,Ravensdale Markets,North,A. Okafor,Pallet Recovery,Services,7,161.26,1128.82,102.26,715.82
2025-07-18,SO-42575,Eastgate Retail,Midlands,S. Whitfield,Chilled Logistics,Services,1,471.41,471.41,295.18,295.18
2025-07-18,SO-42619,Harrowby Markets,Scotland,T. Buchanan,Recycled Wrap,Packaging,12,35.51,426.12,25.50,306.00
2025-07-18,SO-42641,Ravensdale Markets,North,R. Lindqvist,Insulated Totes,Packaging,3,206.30,618.90,136.09,408.27
2025-07-19,SO-42556,Yarrow Stores,North,A. Okafor,Ambient Pallets,Storage,3,134.11,402.33,94.66,283.98
2025-07-19,SO-42571,Netherby Group,North,R. Lindqvist,Chilled Logistics,Services,8,509.36,4074.88,294.68,2357.44
2025-07-19,SO-42604,Penrith Provisions,North,R. Lindqvist,Recycled Wrap,Packaging,4,34.49,137.96,25.02,100.08
2025-07-19,SO-42623,Braemar Foods,Midlands,S. Whitfield,Recycled Wrap,Packaging,6,38.49,230.94,25.60,153.60
2025-07-19,SO-42630,Glenmore Stores,Midlands,S. Whitfield,Pallet Recovery,Services,7,165.60,1159.20,103.16,722.12
2025-07-20,SO-42577,Thirlmere Trading,South,M. Delacroix,Insulated Totes,Packaging,8,206.84,1654.72,138.71,1109.68
2025-07-20,SO-42588,Calder Grocers,Scotland,T. Buchanan,Insulated Totes,Packaging,11,228.46,2513.06,141.52,1556.72
2025-07-20,SO-42593,Vale Provisions,South,M. Delacroix,Chilled Logistics,Services,1,474.68,474.68,298.35,298.35
2025-07-21,SO-42572,Netherby Group,South,M. Delacroix,Ambient Pallets,Storage,2,150.17,300.34,93.81,187.62
2025-07-21,SO-42579,Ullswater Foods,Midlands,S. Whitfield,Legacy Crates,Storage,10,91.80,918.00,63.90,639.00
2025-07-21,SO-42583,Kelvin Trading,North,R. Lindqvist,Ambient Pallets,Storage,3,140.89,422.67,98.21,294.63
2025-07-21,SO-42621,Yarrow Stores,South,M. Delacroix,Ambient Pallets,Storage,10,135.31,1353.10,95.52,955.20
2025-07-22,SO-42564,Quarrywood Foods,Scotland,T. Buchanan,Ambient Pallets,Storage,5,145.75,728.75,95.15,475.75
2025-07-22,SO-42565,Vale Provisions,North,A. Okafor,Insulated Totes,Packaging,7,203.32,1423.24,136.00,952.00
2025-07-22,SO-42590,Fenwick Provisions,North,A. Okafor,Chilled Logistics,Services,12,502.05,6024.60,300.29,3603.48
2025-07-23,SO-42557,Zetland Markets,North,A. Okafor,Chilled Logistics,Services,13,503.66,6547.58,296.61,3855.93
2025-07-23,SO-42595,Kelvin Trading,Midlands,S. Whitfield,Ambient Pallets,Storage,15,135.02,2025.30,97.03,1455.45
2025-07-23,SO-42613,Ravensdale Markets,North,R. Lindqvist,Recycled Wrap,Packaging,6,35.03,210.18,26.06,156.36
2025-07-23,SO-42617,Harrowby Markets,North,A. Okafor,Chilled Logistics,Services,6,477.02,2862.12,292.12,1752.72
2025-07-23,SO-42629,Thirlmere Trading,North,A. Okafor,Recycled Wrap,Packaging,8,38.52,308.16,25.77,206.16
2025-07-24,SO-42637,Zetland Markets,North,R. Lindqvist,Pallet Recovery,Services,4,157.15,628.60,102.18,408.72
2025-07-24,SO-42643,Wetherby Wholesale,North,A. Okafor,Insulated Totes,Packaging,11,202.92,2232.12,140.43,1544.73
2025-07-25,SO-42634,Ravensdale Markets,North,R. Lindqvist,Chilled Logistics,Services,9,467.37,4206.33,299.96,2699.64
2025-07-26,SO-42561,Harrowby Markets,North,R. Lindqvist,Recycled Wrap,Packaging,8,35.69,285.52,25.54,204.32
2025-07-26,SO-42569,Harrowby Markets,Midlands,S. Whitfield,Chilled Logistics,Services,13,463.12,6020.56,294.17,3824.21
2025-07-26,SO-42611,Glenmore Stores,Midlands,S. Whitfield,Recycled Wrap,Packaging,3,35.81,107.43,25.44,76.32
2025-07-26,SO-42614,Ravensdale Markets,South,M. Delacroix,Insulated Totes,Packaging,10,209.29,2092.90,140.50,1405.00
2025-07-26,SO-42640,Zetland Markets,Midlands,S. Whitfield,Chilled Logistics,Services,1,462.87,462.87,292.63,292.63
2025-07-27,SO-42612,Ilkley Fresh,Scotland,T. Buchanan,Legacy Crates,Storage,10,89.99,899.90,63.85,638.50
2025-07-27,SO-42632,Langdale Foods,Scotland,T. Buchanan,Recycled Wrap,Packaging,15,37.42,561.30,25.97,389.55
2025-07-28,SO-42589,Ullswater Foods,Scotland,T. Buchanan,Chilled Logistics,Services,10,472.39,4723.90,297.49,2974.90
2025-07-28,SO-42598,Oakworth Stores,North,A. Okafor,Chilled Logistics,Services,14,502.49,7034.86,295.39,4135.46
2025-07-28,SO-42599,Oakworth Stores,South,M. Delacroix,Chilled Logistics,Services,18,484.20,8715.60,293.34,5280.12
2025-08-01,SO-42647,Vale Provisions,North,R. Lindqvist,Pallet Recovery,Services,10,165.99,1659.90,106.28,1062.80
2025-08-01,SO-42686,Eastgate Retail,South,M. Delacroix,Pallet Recovery,Services,15,159.43,2391.45,105.80,1587.00
2025-08-01,SO-42696,Wetherby Wholesale,North,A. Okafor,Recycled Wrap,Packaging,7,34.73,243.11,25.91,181.37
2025-08-02,SO-42648,Harrowby Markets,South,M. Delacroix,Pallet Recovery,Services,5,176.05,880.25,109.70,548.50
2025-08-02,SO-42695,Wetherby Wholesale,North,A. Okafor,Chilled Logistics,Services,6,465.53,2793.18,315.16,1890.96
2025-08-03,SO-42655,Braemar Foods,Midlands,S. Whitfield,Chilled Logistics,Services,6,498.73,2992.38,307.11,1842.66
2025-08-04,SO-42654,Jesmond Supply,Scotland,T. Buchanan,Chilled Logistics,Services,8,487.62,3900.96,314.73,2517.84
2025-08-04,SO-42670,Jesmond Supply,North,A. Okafor,Recycled Wrap,Packaging,9,34.77,312.93,27.11,243.99
2025-08-04,SO-42681,Eastgate Retail,North,A. Okafor,Ambient Pallets,Storage,10,144.07,1440.70,99.35,993.50
2025-08-04,SO-42689,Zetland Markets,South,M. Delacroix,Chilled Logistics,Services,9,488.01,4392.09,303.64,2732.76
2025-08-05,SO-42660,Dunlin Wholesale,South,M. Delacroix,Ambient Pallets,Storage,12,138.27,1659.24,99.43,1193.16
2025-08-05,SO-42721,Eastgate Retail,South,M. Delacroix,Insulated Totes,Packaging,9,220.33,1982.97,141.31,1271.79
2025-08-05,SO-42729,Jesmond Supply,North,R. Lindqvist,Ambient Pallets,Storage,13,146.20,1900.60,102.45,1331.85
2025-08-06,SO-42649,Ravensdale Markets,North,R. Lindqvist,Chilled Logistics,Services,7,511.00,3577.00,317.65,2223.55
2025-08-06,SO-42671,Dunlin Wholesale,North,R. Lindqvist,Chilled Logistics,Services,9,508.70,4578.30,310.71,2796.39
2025-08-07,SO-42690,Yarrow Stores,North,R. Lindqvist,Pallet Recovery,Services,6,175.75,1054.50,108.90,653.40
2025-08-07,SO-42731,Vale Provisions,South,M. Delacroix,Chilled Logistics,Services,11,466.26,5128.86,319.98,3519.78
2025-08-08,SO-42666,Wetherby Wholesale,Midlands,S. Whitfield,Recycled Wrap,Packaging,8,37.33,298.64,26.56,212.48
2025-08-08,SO-42708,Marchmont Retail,South,M. Delacroix,Chilled Logistics,Services,1,464.61,464.61,311.61,311.61
2025-08-08,SO-42711,Ravensdale Markets,South,M. Delacroix,Pallet Recovery,Services,16,165.90,2654.40,109.83,1757.28
2025-08-09,SO-42683,Harrowby Markets,Midlands,S. Whitfield,Ambient Pallets,Storage,7,151.47,1060.29,102.27,715.89
2025-08-09,SO-42703,Jesmond Supply,North,R. Lindqvist,Recycled Wrap,Packaging,8,35.73,285.84,26.91,215.28
2025-08-10,SO-42697,Wetherby Wholesale,South,M. Delacroix,Legacy Crates,Storage,15,85.32,1279.80,65.95,989.25
2025-08-10,SO-42722,Glenmore Stores,South,M. Delacroix,Pallet Recovery,Services,10,170.66,1706.60,107.08,1070.80
2025-08-10,SO-42724,Eastgate Retail,South,M. Delacroix,Recycled Wrap,Packaging,8,37.59,300.72,27.44,219.52
2025-08-10,SO-42725,Fenwick Provisions,Scotland,T. Buchanan,Chilled Logistics,Services,8,479.98,3839.84,306.62,2452.96
2025-08-10,SO-42728,Quarrywood Foods,Midlands,S. Whitfield,Recycled Wrap,Packaging,12,36.69,440.28,26.96,323.52
2025-08-11,SO-42676,Quarrywood Foods,South,M. Delacroix,Pallet Recovery,Services,11,156.46,1721.06,109.01,1199.11
2025-08-11,SO-42712,Calder Grocers,South,M. Delacroix,Recycled Wrap,Packaging,8,34.49,275.92,26.73,213.84
2025-08-12,SO-42646,Glenmore Stores,Midlands,S. Whitfield,Recycled Wrap,Packaging,12,35.38,424.56,26.29,315.48
2025-08-12,SO-42672,Zetland Markets,South,M. Delacroix,Ambient Pallets,Storage,11,134.62,1480.82,98.52,1083.72
2025-08-12,SO-42677,Calder Grocers,South,M. Delacroix,Chilled Logistics,Services,8,451.59,3612.72,316.83,2534.64
2025-08-12,SO-42680,Wetherby Wholesale,North,R. Lindqvist,Insulated Totes,Packaging,10,228.40,2284.00,145.08,1450.80
2025-08-12,SO-42702,Calder Grocers,North,A. Okafor,Chilled Logistics,Services,6,452.13,2712.78,308.29,1849.74
2025-08-12,SO-42714,Fenwick Provisions,Midlands,S. Whitfield,Chilled Logistics,Services,7,492.66,3448.62,312.97,2190.79
2025-08-12,SO-42727,Fenwick Provisions,North,R. Lindqvist,Recycled Wrap,Packaging,8,36.77,294.16,27.20,217.60
2025-08-14,SO-42652,Kelvin Trading,Midlands,S. Whitfield,Ambient Pallets,Storage,6,149.90,899.40,102.99,617.94
2025-08-14,SO-42658,Ullswater Foods,North,A. Okafor,Ambient Pallets,Storage,11,150.26,1652.86,98.77,1086.47
2025-08-14,SO-42688,Oakworth Stores,South,M. Delacroix,Chilled Logistics,Services,10,456.94,4569.40,316.02,3160.20
2025-08-14,SO-42706,Langdale Foods,North,R. Lindqvist,Recycled Wrap,Packaging,9,34.13,307.17,26.03,234.27
2025-08-15,SO-42656,Dunlin Wholesale,South,M. Delacroix,Insulated Totes,Packaging,11,212.06,2332.66,145.85,1604.35
2025-08-15,SO-42657,Eastgate Retail,Midlands,S. Whitfield,Recycled Wrap,Packaging,7,36.52,255.64,26.82,187.74
2025-08-15,SO-42662,Yarrow Stores,South,M. Delacroix,Insulated Totes,Packaging,6,212.72,1276.32,142.16,852.96
2025-08-15,SO-42685,Eastgate Retail,South,M. Delacroix,Ambient Pallets,Storage,11,137.09,1507.99,99.92,1099.12
2025-08-15,SO-42700,Fenwick Provisions,North,A. Okafor,Pallet Recovery,Services,9,165.51,1489.59,106.02,954.18
2025-08-15,SO-42720,Langdale Foods,North,A. Okafor,Recycled Wrap,Packaging,7,35.77,250.39,27.33,191.31
2025-08-16,SO-42709,Ravensdale Markets,Scotland,T. Buchanan,Chilled Logistics,Services,11,458.43,5042.73,312.33,3435.63
2025-08-17,SO-42694,Jesmond Supply,Midlands,S. Whitfield,Pallet Recovery,Services,5,165.39,826.95,105.84,529.20
2025-08-17,SO-42699,Glenmore Stores,North,R. Lindqvist,Pallet Recovery,Services,4,175.12,700.48,104.46,417.84
2025-08-17,SO-42723,Marchmont Retail,North,A. Okafor,Chilled Logistics,Services,13,504.76,6561.88,318.62,4142.06
2025-08-18,SO-42651,Selkirk Supply,South,M. Delacroix,Pallet Recovery,Services,7,156.51,1095.57,107.56,752.92
2025-08-18,SO-42667,Ullswater Foods,North,R. Lindqvist,Pallet Recovery,Services,9,170.78,1537.02,107.66,968.94
2025-08-18,SO-42673,Jesmond Supply,South,M. Delacroix,Insulated Totes,Packaging,9,212.60,1913.40,147.58,1328.22
2025-08-18,SO-42687,Wetherby Wholesale,South,M. Delacroix,Insulated Totes,Packaging,6,213.27,1279.62,142.26,853.56
2025-08-18,SO-42710,Zetland Markets,Scotland,T. Buchanan,Chilled Logistics,Services,9,490.10,4410.90,309.86,2788.74
2025-08-18,SO-42719,Jesmond Supply,Scotland,T. Buchanan,Chilled Logistics,Services,11,500.33,5503.63,311.57,3427.27
2025-08-18,SO-42730,Vale Provisions,North,A. Okafor,Chilled Logistics,Services,4,500.70,2002.80,317.11,1268.44
2025-08-19,SO-42653,Vale Provisions,North,R. Lindqvist,Insulated Totes,Packaging,9,215.66,1940.94,146.94,1322.46
2025-08-19,SO-42682,Yarrow Stores,South,M. Delacroix,Chilled Logistics,Services,13,466.72,6067.36,305.46,3970.98
2025-08-19,SO-42726,Fenwick Provisions,North,A. Okafor,Pallet Recovery,Services,5,170.42,852.10,107.63,538.15
2025-08-20,SO-42698,Quarrywood Foods,North,R. Lindqvist,Ambient Pallets,Storage,8,138.90,1111.20,97.18,777.44
2025-08-21,SO-42650,Dunlin Wholesale,North,R. Lindqvist,Insulated Totes,Packaging,5,220.43,1102.15,140.77,703.85
2025-08-21,SO-42668,Harrowby Markets,North,R. Lindqvist,Chilled Logistics,Services,14,462.54,6475.56,319.95,4479.30
2025-08-22,SO-42665,Marchmont Retail,North,A. Okafor,Ambient Pallets,Storage,12,149.76,1797.12,101.49,1217.88
2025-08-22,SO-42691,Calder Grocers,Scotland,T. Buchanan,Legacy Crates,Storage,4,84.89,339.56,67.23,268.92
2025-08-22,SO-42704,Braemar Foods,Midlands,S. Whitfield,Chilled Logistics,Services,9,478.26,4304.34,319.98,2879.82
2025-08-22,SO-42713,Thirlmere Trading,Midlands,S. Whitfield,Pallet Recovery,Services,7,169.19,1184.33,109.62,767.34
2025-08-22,SO-42715,Braemar Foods,North,A. Okafor,Pallet Recovery,Services,13,168.48,2190.24,104.90,1363.70
2025-08-23,SO-42645,Braemar Foods,Midlands,S. Whitfield,Chilled Logistics,Services,12,454.24,5450.88,315.21,3782.52
2025-08-23,SO-42664,Selkirk Supply,Scotland,T. Buchanan,Chilled Logistics,Services,8,475.99,3807.92,311.02,2488.16
2025-08-23,SO-42732,Selkirk Supply,North,A. Okafor,Ambient Pallets,Storage,5,148.95,744.75,99.98,499.90
2025-08-24,SO-42693,Kelvin Trading,South,M. Delacroix,Chilled Logistics,Services,15,461.44,6921.60,311.04,4665.60
2025-08-25,SO-42663,Zetland Markets,Midlands,S. Whitfield,Chilled Logistics,Services,17,506.72,8614.24,318.27,5410.59
2025-08-25,SO-42669,Ravensdale Markets,North,A. Okafor,Insulated Totes,Packaging,10,206.15,2061.50,143.03,1430.30
2025-08-25,SO-42678,Yarrow Stores,North,R. Lindqvist,Ambient Pallets,Storage,5,149.81,749.05,102.54,512.70
2025-08-25,SO-42679,Ullswater Foods,Midlands,S. Whitfield,Pallet Recovery,Services,10,176.28,1762.80,106.42,1064.20
2025-08-26,SO-42659,Braemar Foods,North,A. Okafor,Insulated Totes,Packaging,7,206.44,1445.08,144.81,1013.67
2025-08-26,SO-42684,Ilkley Fresh,Scotland,T. Buchanan,Chilled Logistics,Services,15,487.74,7316.10,311.95,4679.25
2025-08-26,SO-42716,Glenmore Stores,South,M. Delacroix,Insulated Totes,Packaging,3,220.06,660.18,146.42,439.26
2025-08-26,SO-42717,Penrith Provisions,South,M. Delacroix,Ambient Pallets,Storage,6,136.54,819.24,99.15,594.90
2025-08-27,SO-42674,Glenmore Stores,Scotland,T. Buchanan,Ambient Pallets,Storage,10,138.13,1381.30,98.79,987.90
2025-08-27,SO-42675,Quarrywood Foods,North,R. Lindqvist,Ambient Pallets,Storage,12,134.90,1618.80,101.40,1216.80
2025-08-27,SO-42701,Selkirk Supply,Midlands,S. Whitfield,Insulated Totes,Packaging,11,205.64,2262.04,144.00,1584.00
2025-08-27,SO-42705,Zetland Markets,South,M. Delacroix,Chilled Logistics,Services,5,451.76,2258.80,304.53,1522.65
2025-08-27,SO-42707,Zetland Markets,South,M. Delacroix,Recycled Wrap,Packaging,12,36.37,436.44,27.44,329.28
2025-08-28,SO-42661,Ullswater Foods,South,M. Delacroix,Insulated Totes,Packaging,5,209.33,1046.65,144.86,724.30
2025-08-28,SO-42692,Thirlmere Trading,South,M. Delacroix,Chilled Logistics,Services,4,501.58,2006.32,304.06,1216.24
2025-08-28,SO-42718,Glenmore Stores,North,A. Okafor,Ambient Pallets,Storage,4,143.77,575.08,97.59,390.36
2025-09-01,SO-42745,Fenwick Provisions,Midlands,S. Whitfield,Pallet Recovery,Services,7,162.36,1136.52,112.09,784.63
2025-09-01,SO-42803,Braemar Foods,Midlands,S. Whitfield,Insulated Totes,Packaging,11,207.04,2277.44,152.92,1682.12
2025-09-01,SO-42832,Netherby Group,North,A. Okafor,Chilled Logistics,Services,8,487.13,3897.04,320.86,2566.88
2025-09-02,SO-42738,Kelvin Trading,South,M. Delacroix,Pallet Recovery,Services,11,157.67,1734.37,114.77,1262.47
2025-09-02,SO-42740,Quarrywood Foods,Scotland,T. Buchanan,Chilled Logistics,Services,9,503.99,4535.91,331.64,2984.76
2025-09-02,SO-42746,Ilkley Fresh,Scotland,T. Buchanan,Pallet Recovery,Services,8,156.94,1255.52,113.46,907.68
2025-09-02,SO-42773,Ullswater Foods,North,A. Okafor,Chilled Logistics,Services,2,458.36,916.72,325.61,651.22
2025-09-03,SO-42792,Ilkley Fresh,Midlands,S. Whitfield,Recycled Wrap,Packaging,9,34.58,311.22,27.59,248.31
2025-09-03,SO-42805,Eastgate Retail,North,R. Lindqvist,Recycled Wrap,Packaging,6,37.76,226.56,28.43,170.58
2025-09-04,SO-42775,Jesmond Supply,South,M. Delacroix,Pallet Recovery,Services,9,167.46,1507.14,113.67,1023.03
2025-09-04,SO-42825,Zetland Markets,North,A. Okafor,Chilled Logistics,Services,15,475.68,7135.20,334.01,5010.15
2025-09-05,SO-42750,Kelvin Trading,North,A. Okafor,Pallet Recovery,Services,6,163.61,981.66,114.37,686.22
2025-09-05,SO-42757,Zetland Markets,Scotland,T. Buchanan,Ambient Pallets,Storage,7,140.54,983.78,104.50,731.50
2025-09-05,SO-42767,Ravensdale Markets,South,M. Delacroix,Chilled Logistics,Services,3,513.57,1540.71,321.80,965.40
2025-09-05,SO-42806,Fenwick Provisions,Midlands,S. Whitfield,Recycled Wrap,Packaging,9,34.72,312.48,27.92,251.28
2025-09-05,SO-42836,Marchmont Retail,North,R. Lindqvist,Chilled Logistics,Services,9,466.00,4194.00,322.88,2905.92
2025-09-06,SO-42779,Kelvin Trading,South,M. Delacroix,Chilled Logistics,Services,12,497.25,5967.00,332.23,3986.76
2025-09-06,SO-42781,Langdale Foods,Midlands,S. Whitfield,Pallet Recovery,Services,9,158.51,1426.59,112.45,1012.05
2025-09-06,SO-42788,Kelvin Trading,South,M. Delacroix,Chilled Logistics,Services,11,487.01,5357.11,322.72,3549.92
2025-09-06,SO-42824,Quarrywood Foods,Midlands,S. Whitfield,Ambient Pallets,Storage,8,148.44,1187.52,102.12,816.96
2025-09-07,SO-42813,Ravensdale Markets,Scotland,T. Buchanan,Ambient Pallets,Storage,10,150.02,1500.20,106.44,1064.40
2025-09-08,SO-42759,Glenmore Stores,North,R. Lindqvist,Insulated Totes,Packaging,10,209.16,2091.60,148.79,1487.90
2025-09-08,SO-42761,Dunlin Wholesale,Scotland,T. Buchanan,Chilled Logistics,Services,13,472.96,6148.48,327.66,4259.58
2025-09-08,SO-42810,Penrith Provisions,North,R. Lindqvist,Ambient Pallets,Storage,11,134.94,1484.34,106.86,1175.46
2025-09-08,SO-42815,Ullswater Foods,North,R. Lindqvist,Chilled Logistics,Services,14,464.05,6496.70,325.54,4557.56
2025-09-08,SO-42819,Braemar Foods,Midlands,S. Whitfield,Recycled Wrap,Packaging,7,37.85,264.95,27.78,194.46
2025-09-09,SO-42741,Vale Provisions,North,R. Lindqvist,Chilled Logistics,Services,15,502.87,7543.05,333.57,5003.55
2025-09-09,SO-42771,Vale Provisions,South,M. Delacroix,Chilled Logistics,Services,12,468.07,5616.84,316.28,3795.36
2025-09-09,SO-42777,Ravensdale Markets,Midlands,S. Whitfield,Insulated Totes,Packaging,10,213.36,2133.60,151.88,1518.80
2025-09-09,SO-42782,Wetherby Wholesale,Midlands,S. Whitfield,Recycled Wrap,Packaging,6,35.67,214.02,27.06,162.36
2025-09-09,SO-42796,Langdale Foods,South,M. Delacroix,Chilled Logistics,Services,9,490.27,4412.43,317.45,2857.05
2025-09-09,SO-42834,Ullswater Foods,North,A. Okafor,Chilled Logistics,Services,4,498.85,1995.40,324.58,1298.32
2025-09-10,SO-42743,Harrowby Markets,South,M. Delacroix,Pallet Recovery,Services,3,172.31,516.93,112.30,336.90
2025-09-10,SO-42764,Zetland Markets,Scotland,T. Buchanan,Legacy Crates,Storage,13,92.01,1196.13,69.77,907.01
2025-09-10,SO-42809,Selkirk Supply,North,R. Lindqvist,Chilled Logistics,Services,9,492.90,4436.10,318.72,2868.48
2025-09-10,SO-42821,Ilkley Fresh,North,A. Okafor,Pallet Recovery,Services,9,161.15,1450.35,109.67,987.03
2025-09-11,SO-42749,Oakworth Stores,North,R. Lindqvist,Pallet Recovery,Services,7,161.71,1131.97,109.68,767.76
2025-09-11,SO-42772,Ullswater Foods,South,M. Delacroix,Pallet Recovery,Services,5,175.00,875.00,108.52,542.60
2025-09-11,SO-42794,Zetland Markets,North,A. Okafor,Recycled Wrap,Packaging,10,38.48,384.80,28.40,284.00
2025-09-11,SO-42816,Wetherby Wholesale,North,R. Lindqvist,Pallet Recovery,Services,10,173.41,1734.10,113.10,1131.00
2025-09-12,SO-42756,Calder Grocers,Midlands,S. Whitfield,Ambient Pallets,Storage,8,139.67,1117.36,105.88,847.04
2025-09-12,SO-42760,Fenwick Provisions,Midlands,S. Whitfield,Ambient Pallets,Storage,11,143.76,1581.36,106.43,1170.73
2025-09-12,SO-42768,Quarrywood Foods,North,A. Okafor,Pallet Recovery,Services,10,159.12,1591.20,108.42,1084.20
2025-09-12,SO-42812,Kelvin Trading,North,A. Okafor,Chilled Logistics,Services,8,468.08,3744.64,326.04,2608.32
2025-09-13,SO-42739,Glenmore Stores,North,A. Okafor,Pallet Recovery,Services,8,172.67,1381.36,108.49,867.92
2025-09-13,SO-42790,Marchmont Retail,North,A. Okafor,Chilled Logistics,Services,9,475.42,4278.78,325.35,2928.15
2025-09-13,SO-42828,Ravensdale Markets,Scotland,T. Buchanan,Ambient Pallets,Storage,9,146.67,1320.03,102.85,925.65
2025-09-14,SO-42765,Ullswater Foods,North,A. Okafor,Recycled Wrap,Packaging,6,37.64,225.84,27.86,167.16
2025-09-14,SO-42766,Braemar Foods,Scotland,T. Buchanan,Chilled Logistics,Services,9,468.67,4218.03,324.72,2922.48
2025-09-15,SO-42736,Penrith Provisions,Midlands,S. Whitfield,Recycled Wrap,Packaging,11,36.96,406.56,28.53,313.83
2025-09-15,SO-42737,Vale Provisions,North,R. Lindqvist,Chilled Logistics,Services,4,454.60,1818.40,328.44,1313.76
2025-09-15,SO-42752,Kelvin Trading,North,A. Okafor,Pallet Recovery,Services,6,155.29,931.74,113.90,683.40
2025-09-15,SO-42785,Selkirk Supply,Scotland,T. Buchanan,Chilled Logistics,Services,7,458.69,3210.83,333.23,2332.61
2025-09-16,SO-42795,Netherby Group,South,M. Delacroix,Chilled Logistics,Services,4,490.55,1962.20,323.48,1293.92
2025-09-16,SO-42800,Jesmond Supply,Midlands,S. Whitfield,Pallet Recovery,Services,6,159.03,954.18,114.59,687.54
2025-09-17,SO-42742,Quarrywood Foods,North,A. Okafor,Recycled Wrap,Packaging,16,36.51,584.16,28.44,455.04
2025-09-17,SO-42798,Ravensdale Markets,North,A. Okafor,Insulated Totes,Packaging,11,214.36,2357.96,152.30,1675.30
2025-09-17,SO-42823,Ilkley Fresh,North,R. Lindqvist,Chilled Logistics,Services,13,507.98,6603.74,328.32,4268.16
2025-09-17,SO-42829,Braemar Foods,North,A. Okafor,Legacy Crates,Storage,6,84.86,509.16,69.53,417.18
2025-09-18,SO-42735,Wetherby Wholesale,North,R. Lindqvist,Recycled Wrap,Packaging,8,34.88,279.04,28.46,227.68
2025-09-18,SO-42763,Ilkley Fresh,South,M. Delacroix,Insulated Totes,Packaging,9,202.95,1826.55,149.88,1348.92
2025-09-18,SO-42769,Fenwick Provisions,Scotland,T. Buchanan,Pallet Recovery,Services,6,174.59,1047.54,111.61,669.66
2025-09-18,SO-42778,Vale Provisions,North,R. Lindqvist,Insulated Totes,Packaging,7,220.92,1546.44,146.10,1022.70
2025-09-18,SO-42784,Vale Provisions,North,R. Lindqvist,Recycled Wrap,Packaging,12,35.64,427.68,27.31,327.72
2025-09-19,SO-42748,Selkirk Supply,North,R. Lindqvist,Recycled Wrap,Packaging,6,37.55,225.30,27.28,163.68
2025-09-19,SO-42770,Eastgate Retail,South,M. Delacroix,Legacy Crates,Storage,7,94.38,660.66,70.76,495.32
2025-09-19,SO-42799,Ilkley Fresh,Midlands,S. Whitfield,Pallet Recovery,Services,7,160.14,1120.98,110.29,772.03
2025-09-19,SO-42826,Jesmond Supply,Midlands,S. Whitfield,Insulated Totes,Packaging,7,223.02,1561.14,152.75,1069.25
2025-09-20,SO-42754,Ilkley Fresh,South,M. Delacroix,Ambient Pallets,Storage,9,143.14,1288.26,105.41,948.69
2025-09-20,SO-42780,Vale Provisions,Scotland,T. Buchanan,Pallet Recovery,Services,7,155.18,1086.26,114.68,802.76
2025-09-20,SO-42804,Yarrow Stores,South,M. Delacroix,Chilled Logistics,Services,11,477.17,5248.87,325.69,3582.59
2025-09-20,SO-42820,Quarrywood Foods,North,A. Okafor,Pallet Recovery,Services,8,174.16,1393.28,113.21,905.68
2025-09-21,SO-42744,Langdale Foods,North,A. Okafor,Pallet Recovery,Services,7,173.55,1214.85,108.16,757.12
2025-09-21,SO-42783,Wetherby Wholesale,North,R. Lindqvist,Ambient Pallets,Storage,9,138.39,1245.51,102.10,918.90
2025-09-21,SO-42797,Langdale Foods,North,R. Lindqvist,Chilled Logistics,Services,10,454.90,4549.00,322.64,3226.40
2025-09-21,SO-42817,Vale Provisions,North,A. Okafor,Chilled Logistics,Services,5,503.42,2517.10,329.93,1649.65
2025-09-21,SO-42822,Thirlmere Trading,South,M. Delacroix,Insulated Totes,Packaging,7,212.73,1489.11,152.57,1067.99
2025-09-22,SO-42747,Harrowby Markets,Midlands,S. Whitfield,Chilled Logistics,Services,13,467.23,6073.99,318.35,4138.55
2025-09-22,SO-42776,Netherby Group,North,A. Okafor,Pallet Recovery,Services,8,174.55,1396.40,111.80,894.40
2025-09-22,SO-42791,Eastgate Retail,North,A. Okafor,Chilled Logistics,Services,9,496.08,4464.72,326.17,2935.53
2025-09-22,SO-42807,Thirlmere Trading,North,R. Lindqvist,Pallet Recovery,Services,14,168.94,2365.16,109.18,1528.52
2025-09-23,SO-42762,Penrith Provisions,South,M. Delacroix,Recycled Wrap,Packaging,13,35.27,458.51,27.77,361.01
2025-09-23,SO-42786,Oakworth Stores,South,M. Delacroix,Ambient Pallets,Storage,16,146.31,2340.96,102.15,1634.40
2025-09-23,SO-42802,Ullswater Foods,North,A. Okafor,Chilled Logistics,Services,12,506.05,6072.60,320.13,3841.56
2025-09-23,SO-42808,Langdale Foods,North,R. Lindqvist,Chilled Logistics,Services,11,501.98,5521.78,328.01,3608.11
2025-09-23,SO-42831,Penrith Provisions,South,M. Delacroix,Insulated Totes,Packaging,4,203.19,812.76,146.42,585.68
2025-09-23,SO-42833,Glenmore Stores,Midlands,S. Whitfield,Pallet Recovery,Services,8,155.81,1246.48,110.89,887.12
2025-09-23,SO-42835,Calder Grocers,Scotland,T. Buchanan,Chilled Logistics,Services,4,505.09,2020.36,318.70,1274.80
2025-09-24,SO-42755,Glenmore Stores,Midlands,S. Whitfield,Insulated Totes,Packaging,9,213.55,1921.95,151.52,1363.68
2025-09-24,SO-42811,Fenwick Provisions,North,A. Okafor,Ambient Pallets,Storage,1,137.85,137.85,103.04,103.04
2025-09-24,SO-42827,Harrowby Markets,South,M. Delacroix,Recycled Wrap,Packaging,7,34.82,243.74,28.26,197.82
2025-09-24,SO-42830,Oakworth Stores,North,A. Okafor,Insulated Totes,Packaging,5,214.64,1073.20,146.80,734.00
2025-09-25,SO-42733,Ravensdale Markets,South,M. Delacroix,Insulated Totes,Packaging,9,205.44,1848.96,154.37,1389.33
2025-09-25,SO-42751,Calder Grocers,Midlands,S. Whitfield,Recycled Wrap,Packaging,9,37.23,335.07,28.22,253.98
2025-09-26,SO-42734,Langdale Foods,Scotland,T. Buchanan,Recycled Wrap,Packaging,7,34.13,238.91,27.54,192.78
2025-09-26,SO-42758,Yarrow Stores,Midlands,S. Whitfield,Recycled Wrap,Packaging,11,34.66,381.26,27.00,297.00
2025-09-27,SO-42774,Oakworth Stores,North,A. Okafor,Chilled Logistics,Services,8,482.53,3860.24,316.11,2528.88
2025-09-27,SO-42787,Selkirk Supply,Midlands,S. Whitfield,Chilled Logistics,Services,5,502.61,2513.05,327.31,1636.55
2025-09-27,SO-42814,Harrowby Markets,South,M. Delacroix,Ambient Pallets,Storage,8,151.19,1209.52,106.85,854.80
2025-09-28,SO-42753,Ravensdale Markets,South,M. Delacroix,Insulated Totes,Packaging,9,219.19,1972.71,153.95,1385.55
2025-09-28,SO-42789,Kelvin Trading,North,R. Lindqvist,Insulated Totes,Packaging,9,202.27,1820.43,145.87,1312.83
2025-09-28,SO-42793,Braemar Foods,North,A. Okafor,Ambient Pallets,Storage,9,140.16,1261.44,105.62,950.58
2025-09-28,SO-42801,Selkirk Supply,Midlands,S. Whitfield,Chilled Logistics,Services,14,493.54,6909.56,324.68,4545.52
2025-09-28,SO-42818,Zetland Markets,North,R. Lindqvist,Recycled Wrap,Packaging,9,34.82,313.38,28.07,252.63
2025-10-01,SO-42847,Ullswater Foods,Midlands,S. Whitfield,Recycled Wrap,Packaging,6,36.33,217.98,29.54,177.24
2025-10-01,SO-42857,Quarrywood Foods,North,R. Lindqvist,Insulated Totes,Packaging,14,219.21,3068.94,156.59,2192.26
2025-10-01,SO-42866,Selkirk Supply,North,R. Lindqvist,Chilled Logistics,Services,15,489.66,7344.90,329.26,4938.90
2025-10-01,SO-42882,Ullswater Foods,South,M. Delacroix,Chilled Logistics,Services,11,451.88,4970.68,343.77,3781.47
2025-10-02,SO-42843,Netherby Group,North,A. Okafor,Chilled Logistics,Services,8,493.39,3947.12,344.41,2755.28
2025-10-02,SO-42888,Glenmore Stores,South,M. Delacroix,Ambient Pallets,Storage,9,138.90,1250.10,109.46,985.14
2025-10-02,SO-42890,Eastgate Retail,Scotland,T. Buchanan,Recycled Wrap,Packaging,3,37.94,113.82,28.61,85.83
2025-10-02,SO-42917,Marchmont Retail,Midlands,S. Whitfield,Pallet Recovery,Services,5,161.41,807.05,119.03,595.15
2025-10-02,SO-42920,Langdale Foods,South,M. Delacroix,Pallet Recovery,Services,2,169.28,338.56,117.91,235.82
2025-10-03,SO-42852,Glenmore Stores,South,M. Delacroix,Ambient Pallets,Storage,5,150.64,753.20,107.12,535.60
2025-10-03,SO-42892,Braemar Foods,Scotland,T. Buchanan,Chilled Logistics,Services,8,502.03,4016.24,337.91,2703.28
2025-10-03,SO-42894,Langdale Foods,North,A. Okafor,Chilled Logistics,Services,8,464.06,3712.48,333.85,2670.80
2025-10-03,SO-42918,Quarrywood Foods,Midlands,S. Whitfield,Recycled Wrap,Packaging,8,38.48,307.84,29.46,235.68
2025-10-04,SO-42862,Netherby Group,North,A. Okafor,Chilled Logistics,Services,3,503.92,1511.76,332.03,996.09
2025-10-04,SO-42908,Thirlmere Trading,South,M. Delacroix,Pallet Recovery,Services,6,162.80,976.80,118.43,710.58
2025-10-05,SO-42914,Eastgate Retail,Scotland,T. Buchanan,Chilled Logistics,Services,8,479.31,3834.48,331.17,2649.36
2025-10-06,SO-42891,Jesmond Supply,Midlands,S. Whitfield,Ambient Pallets,Storage,9,140.40,1263.60,108.30,974.70
2025-10-06,SO-42923,Thirlmere Trading,South,M. Delacroix,Chilled Logistics,Services,8,467.36,3738.88,340.91,2727.28
2025-10-06,SO-42933,Calder Grocers,North,A. Okafor,Recycled Wrap,Packaging,10,36.68,366.80,28.05,280.50
2025-10-07,SO-42869,Thirlmere Trading,North,A. Okafor,Chilled Logistics,Services,5,506.64,2533.20,339.16,1695.80
2025-10-07,SO-42897,Harrowby Markets,North,R. Lindqvist,Ambient Pallets,Storage,10,136.06,1360.60,106.28,1062.80
2025-10-07,SO-42912,Kelvin Trading,Midlands,S. Whitfield,Ambient Pallets,Storage,9,134.35,1209.15,107.49,967.41
2025-10-07,SO-42916,Ilkley Fresh,North,A. Okafor,Recycled Wrap,Packaging,8,36.71,293.68,27.99,223.92
2025-10-07,SO-42922,Calder Grocers,North,A. Okafor,Recycled Wrap,Packaging,9,34.23,308.07,28.99,260.91
2025-10-07,SO-42934,Eastgate Retail,Midlands,S. Whitfield,Pallet Recovery,Services,9,161.24,1451.16,113.33,1019.97
2025-10-07,SO-42945,Glenmore Stores,South,M. Delacroix,Chilled Logistics,Services,9,468.04,4212.36,337.31,3035.79
2025-10-07,SO-42946,Kelvin Trading,South,M. Delacroix,Chilled Logistics,Services,8,456.96,3655.68,339.72,2717.76
2025-10-08,SO-42864,Dunlin Wholesale,North,R. Lindqvist,Chilled Logistics,Services,3,461.39,1384.17,331.96,995.88
2025-10-08,SO-42893,Dunlin Wholesale,North,R. Lindqvist,Recycled Wrap,Packaging,11,38.26,420.86,28.14,309.54
2025-10-08,SO-42929,Ravensdale Markets,South,M. Delacroix,Ambient Pallets,Storage,16,138.93,2222.88,107.68,1722.88
2025-10-08,SO-42944,Wetherby Wholesale,North,A. Okafor,Pallet Recovery,Services,4,168.48,673.92,115.24,460.96
2025-10-09,SO-42839,Oakworth Stores,South,M. Delacroix,Ambient Pallets,Storage,9,140.92,1268.28,106.64,959.76
2025-10-09,SO-42878,Fenwick Provisions,North,R. Lindqvist,Ambient Pallets,Storage,7,145.39,1017.73,106.83,747.81
2025-10-09,SO-42901,Yarrow Stores,South,M. Delacroix,Pallet Recovery,Services,10,155.90,1559.00,118.34,1183.40
2025-10-09,SO-42905,Ilkley Fresh,South,M. Delacroix,Chilled Logistics,Services,3,501.23,1503.69,336.84,1010.52
2025-10-09,SO-42936,Harrowby Markets,North,A. Okafor,Recycled Wrap,Packaging,9,35.13,316.17,29.22,262.98
2025-10-10,SO-42856,Vale Provisions,Scotland,T. Buchanan,Recycled Wrap,Packaging,3,35.02,105.06,28.82,86.46
2025-10-10,SO-42900,Dunlin Wholesale,Scotland,T. Buchanan,Insulated Totes,Packaging,8,223.71,1789.68,155.56,1244.48
2025-10-10,SO-42907,Thirlmere Trading,North,R. Lindqvist,Recycled Wrap,Packaging,7,37.28,260.96,28.49,199.43
2025-10-10,SO-42910,Quarrywood Foods,North,R. Lindqvist,Pallet Recovery,Services,6,161.50,969.00,115.21,691.26
2025-10-10,SO-42928,Ravensdale Markets,South,M. Delacroix,Recycled Wrap,Packaging,6,34.18,205.08,28.43,170.58
2025-10-11,SO-42889,Langdale Foods,Scotland,T. Buchanan,Ambient Pallets,Storage,4,134.49,537.96,108.50,434.00
2025-10-11,SO-42939,Eastgate Retail,North,A. Okafor,Insulated Totes,Packaging,6,217.67,1306.02,158.63,951.78
2025-10-12,SO-42860,Langdale Foods,South,M. Delacroix,Legacy Crates,Storage,6,89.99,539.94,74.08,444.48
2025-10-12,SO-42903,Jesmond Supply,Scotland,T. Buchanan,Recycled Wrap,Packaging,9,35.07,315.63,28.46,256.14
2025-10-12,SO-42921,Quarrywood Foods,Scotland,T. Buchanan,Chilled Logistics,Services,6,497.24,2983.44,339.00,2034.00
2025-10-13,SO-42838,Ravensdale Markets,South,M. Delacroix,Chilled Logistics,Services,5,510.10,2550.50,336.07,1680.35
2025-10-13,SO-42848,Jesmond Supply,North,A. Okafor,Ambient Pallets,Storage,11,135.06,1485.66,108.48,1193.28
2025-10-13,SO-42924,Zetland Markets,Scotland,T. Buchanan,Recycled Wrap,Packaging,9,37.35,336.15,28.09,252.81
2025-10-14,SO-42858,Zetland Markets,South,M. Delacroix,Insulated Totes,Packaging,2,219.12,438.24,155.40,310.80
2025-10-14,SO-42876,Netherby Group,North,A. Okafor,Ambient Pallets,Storage,6,149.55,897.30,106.62,639.72
2025-10-14,SO-42884,Thirlmere Trading,North,A. Okafor,Pallet Recovery,Services,9,162.08,1458.72,114.70,1032.30
2025-10-14,SO-42896,Glenmore Stores,South,M. Delacroix,Recycled Wrap,Packaging,11,34.60,380.60,29.04,319.44
2025-10-14,SO-42947,Selkirk Supply,North,A. Okafor,Ambient Pallets,Storage,9,137.05,1233.45,110.67,996.03
2025-10-15,SO-42868,Eastgate Retail,North,R. Lindqvist,Pallet Recovery,Services,8,174.16,1393.28,114.50,916.00
2025-10-15,SO-42886,Marchmont Retail,Midlands,S. Whitfield,Pallet Recovery,Services,7,160.03,1120.21,116.80,817.60
2025-10-15,SO-42919,Eastgate Retail,Scotland,T. Buchanan,Chilled Logistics,Services,13,491.73,6392.49,342.85,4457.05
2025-10-15,SO-42937,Langdale Foods,North,R. Lindqvist,Recycled Wrap,Packaging,7,37.99,265.93,28.45,199.15
2025-10-15,SO-42938,Ilkley Fresh,South,M. Delacroix,Recycled Wrap,Packaging,6,34.89,209.34,28.48,170.88
2025-10-15,SO-42943,Kelvin Trading,Scotland,T. Buchanan,Chilled Logistics,Services,10,455.93,4559.30,334.43,3344.30
2025-10-15,SO-42949,Yarrow Stores,North,R. Lindqvist,Recycled Wrap,Packaging,10,35.90,359.00,28.97,289.70
2025-10-16,SO-42875,Ravensdale Markets,Scotland,T. Buchanan,Recycled Wrap,Packaging,14,38.29,536.06,28.62,400.68
2025-10-16,SO-42932,Zetland Markets,North,A. Okafor,Ambient Pallets,Storage,6,135.69,814.14,108.41,650.46
2025-10-17,SO-42845,Marchmont Retail,South,M. Delacroix,Pallet Recovery,Services,1,171.12,171.12,115.82,115.82
2025-10-17,SO-42854,Penrith Provisions,Midlands,S. Whitfield,Recycled Wrap,Packaging,12,34.24,410.88,29.11,349.32
2025-10-17,SO-42941,Netherby Group,Midlands,S. Whitfield,Ambient Pallets,Storage,8,140.05,1120.40,106.18,849.44
2025-10-18,SO-42872,Ravensdale Markets,South,M. Delacroix,Chilled Logistics,Services,5,459.73,2298.65,338.58,1692.90
2025-10-18,SO-42898,Glenmore Stores,North,R. Lindqvist,Recycled Wrap,Packaging,11,35.94,395.34,28.70,315.70
2025-10-20,SO-42844,Dunlin Wholesale,South,M. Delacroix,Pallet Recovery,Services,11,165.18,1816.98,117.70,1294.70
2025-10-20,SO-42849,Penrith Provisions,South,M. Delacroix,Chilled Logistics,Services,9,460.62,4145.58,329.29,2963.61
2025-10-20,SO-42865,Marchmont Retail,South,M. Delacroix,Recycled Wrap,Packaging,9,34.09,306.81,29.51,265.59
2025-10-20,SO-42867,Selkirk Supply,Midlands,S. Whitfield,Insulated Totes,Packaging,7,226.79,1587.53,151.94,1063.58
2025-10-20,SO-42880,Wetherby Wholesale,Midlands,S. Whitfield,Recycled Wrap,Packaging,4,34.63,138.52,29.53,118.12
2025-10-20,SO-42906,Oakworth Stores,North,R. Lindqvist,Insulated Totes,Packaging,8,201.93,1615.44,159.89,1279.12
2025-10-20,SO-42913,Oakworth Stores,Midlands,S. Whitfield,Recycled Wrap,Packaging,11,35.67,392.37,29.13,320.43
2025-10-20,SO-42948,Ullswater Foods,Midlands,S. Whitfield,Pallet Recovery,Services,8,176.32,1410.56,115.27,922.16
2025-10-21,SO-42853,Langdale Foods,North,A. Okafor,Insulated Totes,Packaging,6,213.61,1281.66,153.50,921.00
2025-10-21,SO-42887,Yarrow Stores,North,A. Okafor,Ambient Pallets,Storage,7,137.12,959.84,110.75,775.25
2025-10-21,SO-42904,Jesmond Supply,Scotland,T. Buchanan,Chilled Logistics,Services,11,455.12,5006.32,338.14,3719.54
2025-10-21,SO-42909,Eastgate Retail,Midlands,S. Whitfield,Insulated Totes,Packaging,5,213.46,1067.30,155.70,778.50
2025-10-22,SO-42842,Selkirk Supply,North,A. Okafor,Ambient Pallets,Storage,13,136.50,1774.50,106.91,1389.83
2025-10-22,SO-42846,Fenwick Provisions,South,M. Delacroix,Recycled Wrap,Packaging,8,35.06,280.48,27.97,223.76
2025-10-22,SO-42850,Langdale Foods,Midlands,S. Whitfield,Legacy Crates,Storage,12,83.22,998.64,73.95,887.40
2025-10-22,SO-42863,Calder Grocers,Scotland,T. Buchanan,Pallet Recovery,Services,8,158.84,1270.72,114.09,912.72
2025-10-22,SO-42940,Calder Grocers,South,M. Delacroix,Pallet Recovery,Services,5,160.17,800.85,116.27,581.35
2025-10-23,SO-42855,Penrith Provisions,South,M. Delacroix,Insulated Totes,Packaging,2,211.80,423.60,157.16,314.32
2025-10-23,SO-42879,Eastgate Retail,South,M. Delacroix,Ambient Pallets,Storage,4,142.84,571.36,109.13,436.52
2025-10-24,SO-42873,Zetland Markets,North,R. Lindqvist,Insulated Totes,Packaging,8,227.61,1820.88,151.08,1208.64
2025-10-24,SO-42877,Dunlin Wholesale,North,R. Lindqvist,Chilled Logistics,Services,9,470.29,4232.61,329.07,2961.63
2025-10-24,SO-42885,Dunlin Wholesale,Midlands,S. Whitfield,Ambient Pallets,Storage,8,138.75,1110.00,105.83,846.64
2025-10-24,SO-42911,Glenmore Stores,North,R. Lindqvist,Recycled Wrap,Packaging,8,35.33,282.64,29.54,236.32
2025-10-25,SO-42837,Dunlin Wholesale,South,M. Delacroix,Recycled Wrap,Packaging,7,35.65,249.55,28.88,202.16
2025-10-25,SO-42861,Thirlmere Trading,North,A. Okafor,Insulated Totes,Packaging,11,212.79,2340.69,152.94,1682.34
2025-10-25,SO-42895,Wetherby Wholesale,North,R. Lindqvist,Chilled Logistics,Services,7,505.69,3539.83,326.77,2287.39
2025-10-25,SO-42899,Eastgate Retail,North,R. Lindqvist,Chilled Logistics,Services,8,503.07,4024.56,329.22,2633.76
2025-10-25,SO-42915,Quarrywood Foods,Midlands,S. Whitfield,Insulated Totes,Packaging,7,211.37,1479.59,151.63,1061.41
2025-10-25,SO-42935,Harrowby Markets,Midlands,S. Whitfield,Chilled Logistics,Services,10,502.63,5026.30,343.68,3436.80
2025-10-26,SO-42881,Fenwick Provisions,North,R. Lindqvist,Chilled Logistics,Services,3,480.52,1441.56,332.17,996.51
2025-10-26,SO-42883,Netherby Group,South,M. Delacroix,Insulated Totes,Packaging,11,223.19,2455.09,159.59,1755.49
2025-10-26,SO-42925,Ullswater Foods,Midlands,S. Whitfield,Legacy Crates,Storage,13,93.42,1214.46,71.11,924.43
2025-10-26,SO-42942,Ullswater Foods,South,M. Delacroix,Ambient Pallets,Storage,10,140.71,1407.10,105.94,1059.40
2025-10-27,SO-42840,Zetland Markets,North,R. Lindqvist,Insulated Totes,Packaging,10,217.94,2179.40,158.75,1587.50
2025-10-27,SO-42841,Ravensdale Markets,North,A. Okafor,Recycled Wrap,Packaging,10,37.86,378.60,28.61,286.10
2025-10-27,SO-42859,Ilkley Fresh,North,R. Lindqvist,Recycled Wrap,Packaging,7,35.41,247.87,29.45,206.15
2025-10-27,SO-42870,Ilkley Fresh,South,M. Delacroix,Insulated Totes,Packaging,8,213.11,1704.88,156.51,1252.08
2025-10-27,SO-42874,Fenwick Provisions,South,M. Delacroix,Chilled Logistics,Services,14,496.18,6946.52,343.20,4804.80
2025-10-27,SO-42902,Selkirk Supply,North,R. Lindqvist,Insulated Totes,Packaging,14,223.17,3124.38,160.00,2240.00
2025-10-27,SO-42926,Marchmont Retail,North,R. Lindqvist,Ambient Pallets,Storage,1,134.96,134.96,108.84,108.84
2025-10-27,SO-42927,Fenwick Provisions,Midlands,S. Whitfield,Ambient Pallets,Storage,9,148.93,1340.37,104.84,943.56
2025-10-27,SO-42931,Dunlin Wholesale,South,M. Delacroix,Ambient Pallets,Storage,6,142.68,856.08,110.33,661.98
2025-10-28,SO-42851,Thirlmere Trading,South,M. Delacroix,Chilled Logistics,Services,9,481.50,4333.50,342.55,3082.95
2025-10-28,SO-42871,Ullswater Foods,South,M. Delacroix,Ambient Pallets,Storage,8,150.78,1206.24,107.42,859.36
2025-10-28,SO-42930,Netherby Group,North,R. Lindqvist,Insulated Totes,Packaging,9,219.54,1975.86,159.79,1438.11
2025-11-01,SO-42953,Langdale Foods,Midlands,S. Whitfield,Pallet Recovery,Services,8,175.68,1405.44,120.35,962.80
2025-11-01,SO-42972,Netherby Group,North,R. Lindqvist,Ambient Pallets,Storage,10,148.76,1487.60,109.77,1097.70
2025-11-01,SO-42984,Netherby Group,Midlands,S. Whitfield,Recycled Wrap,Packaging,7,37.26,260.82,30.50,213.50
2025-11-01,SO-43031,Oakworth Stores,South,M. Delacroix,Ambient Pallets,Storage,6,139.36,836.16,113.51,681.06
2025-11-01,SO-43035,Penrith Provisions,Midlands,S. Whitfield,Recycled Wrap,Packaging,7,38.19,267.33,28.98,202.86
2025-11-01,SO-43043,Harrowby Markets,Scotland,T. Buchanan,Ambient Pallets,Storage,10,150.53,1505.30,114.77,1147.70
2025-11-01,SO-43045,Ravensdale Markets,South,M. Delacroix,Pallet Recovery,Services,10,160.01,1600.10,121.09,1210.90
2025-11-02,SO-42960,Vale Provisions,Scotland,T. Buchanan,Chilled Logistics,Services,9,458.61,4127.49,339.21,3052.89
2025-11-02,SO-42971,Ravensdale Markets,North,R. Lindqvist,Chilled Logistics,Services,9,462.64,4163.76,344.69,3102.21
2025-11-02,SO-43003,Wetherby Wholesale,North,R. Lindqvist,Ambient Pallets,Storage,7,135.95,951.65,109.31,765.17
2025-11-02,SO-43014,Dunlin Wholesale,North,A. Okafor,Insulated Totes,Packaging,13,222.41,2891.33,159.82,2077.66
2025-11-02,SO-43016,Wetherby Wholesale,North,R. Lindqvist,Recycled Wrap,Packaging,10,34.17,341.70,29.56,295.60
2025-11-02,SO-43036,Eastgate Retail,North,A. Okafor,Recycled Wrap,Packaging,15,34.84,522.60,30.34,455.10
2025-11-02,SO-43044,Quarrywood Foods,Midlands,S. Whitfield,Insulated Totes,Packaging,4,212.07,848.28,164.24,656.96
2025-11-03,SO-42957,Penrith Provisions,Midlands,S. Whitfield,Recycled Wrap,Packaging,8,36.99,295.92,29.72,237.76
2025-11-03,SO-42982,Ullswater Foods,South,M. Delacroix,Insulated Totes,Packaging,13,228.18,2966.34,159.80,2077.40
2025-11-03,SO-42988,Selkirk Supply,North,R. Lindqvist,Chilled Logistics,Services,14,462.98,6481.72,343.86,4814.04
2025-11-03,SO-43021,Ullswater Foods,North,A. Okafor,Chilled Logistics,Services,10,473.08,4730.80,347.18,3471.80
2025-11-03,SO-43076,Eastgate Retail,Scotland,T. Buchanan,Pallet Recovery,Services,12,176.02,2112.24,120.76,1449.12
2025-11-04,SO-42970,Oakworth Stores,South,M. Delacroix,Pallet Recovery,Services,7,164.34,1150.38,120.57,843.99
2025-11-04,SO-42975,Quarrywood Foods,North,R. Lindqvist,Recycled Wrap,Packaging,13,37.45,486.85,29.53,383.89
2025-11-04,SO-42998,Marchmont Retail,North,A. Okafor,Chilled Logistics,Services,5,492.47,2462.35,340.92,1704.60
2025-11-04,SO-43007,Zetland Markets,North,R. Lindqvist,Ambient Pallets,Storage,8,143.15,1145.20,113.02,904.16
2025-11-04,SO-43018,Kelvin Trading,Midlands,S. Whitfield,Insulated Totes,Packaging,7,225.31,1577.17,164.96,1154.72
2025-11-05,SO-42976,Quarrywood Foods,North,A. Okafor,Recycled Wrap,Packaging,12,35.31,423.72,29.73,356.76
2025-11-05,SO-43008,Kelvin Trading,North,A. Okafor,Chilled Logistics,Services,5,482.54,2412.70,353.66,1768.30
2025-11-05,SO-43023,Braemar Foods,North,R. Lindqvist,Insulated Totes,Packaging,8,211.17,1689.36,163.75,1310.00
2025-11-05,SO-43061,Fenwick Provisions,South,M. Delacroix,Chilled Logistics,Services,8,455.84,3646.72,355.74,2845.92
2025-11-05,SO-43064,Yarrow Stores,North,R. Lindqvist,Chilled Logistics,Services,6,492.27,2953.62,343.88,2063.28
2025-11-06,SO-42952,Penrith Provisions,Midlands,S. Whitfield,Chilled Logistics,Services,6,481.30,2887.80,351.43,2108.58
2025-11-06,SO-42990,Oakworth Stores,North,A. Okafor,Insulated Totes,Packaging,10,208.60,2086.00,164.61,1646.10
2025-11-06,SO-43005,Penrith Provisions,North,R. Lindqvist,Pallet Recovery,Services,14,157.58,2206.12,119.39,1671.46
2025-11-06,SO-43048,Ilkley Fresh,North,A. Okafor,Recycled Wrap,Packaging,11,34.16,375.76,30.17,331.87
2025-11-07,SO-42964,Zetland Markets,Midlands,S. Whitfield,Chilled Logistics,Services,4,479.51,1918.04,347.90,1391.60
2025-11-07,SO-43047,Braemar Foods,Scotland,T. Buchanan,Insulated Totes,Packaging,8,226.28,1810.24,157.93,1263.44
2025-11-07,SO-43051,Quarrywood Foods,North,A. Okafor,Insulated Totes,Packaging,9,219.68,1977.12,157.53,1417.77
2025-11-07,SO-43078,Selkirk Supply,North,R. Lindqvist,Recycled Wrap,Packaging,14,35.54,497.56,30.27,423.78
2025-11-08,SO-42965,Quarrywood Foods,North,R. Lindqvist,Chilled Logistics,Services,14,491.14,6875.96,348.25,4875.50
2025-11-08,SO-43038,Langdale Foods,North,A. Okafor,Recycled Wrap,Packaging,8,37.15,297.20,29.54,236.32
2025-11-08,SO-43070,Fenwick Provisions,Midlands,S. Whitfield,Insulated Totes,Packaging,13,224.86,2923.18,156.53,2034.89
2025-11-08,SO-43072,Thirlmere Trading,Midlands,S. Whitfield,Ambient Pallets,Storage,7,136.10,952.70,112.61,788.27
2025-11-09,SO-42954,Braemar Foods,North,A. Okafor,Insulated Totes,Packaging,6,211.06,1266.36,159.02,954.12
2025-11-09,SO-42991,Calder Grocers,Scotland,T. Buchanan,Chilled Logistics,Services,8,487.56,3900.48,340.69,2725.52
2025-11-09,SO-43025,Fenwick Provisions,Scotland,T. Buchanan,Pallet Recovery,Services,11,170.25,1872.75,119.45,1313.95
2025-11-09,SO-43065,Eastgate Retail,Midlands,S. Whitfield,Chilled Logistics,Services,7,461.50,3230.50,351.72,2462.04
2025-11-10,SO-42969,Quarrywood Foods,North,A. Okafor,Pallet Recovery,Services,6,175.60,1053.60,117.46,704.76
2025-11-10,SO-42979,Ilkley Fresh,Midlands,S. Whitfield,Recycled Wrap,Packaging,6,34.44,206.64,30.56,183.36
2025-11-10,SO-43019,Thirlmere Trading,Scotland,T. Buchanan,Chilled Logistics,Services,15,471.64,7074.60,355.31,5329.65
2025-11-10,SO-43055,Langdale Foods,South,M. Delacroix,Recycled Wrap,Packaging,13,35.48,461.24,30.59,397.67
2025-11-11,SO-42981,Wetherby Wholesale,North,R. Lindqvist,Ambient Pallets,Storage,12,145.92,1751.04,114.24,1370.88
2025-11-12,SO-42951,Vale Provisions,North,A. Okafor,Pallet Recovery,Services,9,166.50,1498.50,117.30,1055.70
2025-11-12,SO-42961,Oakworth Stores,South,M. Delacroix,Chilled Logistics,Services,5,472.50,2362.50,341.67,1708.35
2025-11-12,SO-43026,Vale Provisions,North,R. Lindqvist,Pallet Recovery,Services,7,166.70,1166.90,121.24,848.68
2025-11-12,SO-43049,Ilkley Fresh,Midlands,S. Whitfield,Ambient Pallets,Storage,8,140.42,1123.36,108.89,871.12
2025-11-12,SO-43054,Oakworth Stores,North,A. Okafor,Ambient Pallets,Storage,6,139.56,837.36,110.22,661.32
2025-11-12,SO-43077,Thirlmere Trading,North,A. Okafor,Insulated Totes,Packaging,7,222.24,1555.68,162.60,1138.20
2025-11-13,SO-42966,Harrowby Markets,Midlands,S. Whitfield,Recycled Wrap,Packaging,11,38.02,418.22,29.97,329.67
2025-11-13,SO-42986,Fenwick Provisions,North,A. Okafor,Recycled Wrap,Packaging,4,34.43,137.72,29.28,117.12
2025-11-13,SO-42992,Glenmore Stores,South,M. Delacroix,Insulated Totes,Packaging,8,210.49,1683.92,159.57,1276.56
2025-11-13,SO-43010,Yarrow Stores,Scotland,T. Buchanan,Ambient Pallets,Storage,9,140.62,1265.58,113.09,1017.81
2025-11-13,SO-43015,Wetherby Wholesale,North,R. Lindqvist,Chilled Logistics,Services,7,489.79,3428.53,341.32,2389.24
2025-11-13,SO-43032,Vale Provisions,Midlands,S. Whitfield,Chilled Logistics,Services,11,500.23,5502.53,343.52,3778.72
2025-11-13,SO-43058,Thirlmere Trading,North,A. Okafor,Pallet Recovery,Services,9,161.90,1457.10,123.10,1107.90
2025-11-13,SO-43067,Penrith Provisions,North,A. Okafor,Insulated Totes,Packaging,11,220.02,2420.22,159.36,1752.96
2025-11-13,SO-43071,Ravensdale Markets,North,R. Lindqvist,Ambient Pallets,Storage,10,134.81,1348.10,114.77,1147.70
2025-11-14,SO-42968,Eastgate Retail,South,M. Delacroix,Pallet Recovery,Services,6,157.55,945.30,118.13,708.78
2025-11-14,SO-42994,Quarrywood Foods,North,R. Lindqvist,Ambient Pallets,Storage,13,138.63,1802.19,113.60,1476.80
2025-11-14,SO-43012,Wetherby Wholesale,Midlands,S. Whitfield,Ambient Pallets,Storage,5,146.48,732.40,112.52,562.60
2025-11-14,SO-43034,Braemar Foods,Scotland,T. Buchanan,Recycled Wrap,Packaging,11,36.06,396.66,28.91,318.01
2025-11-14,SO-43041,Braemar Foods,North,R. Lindqvist,Pallet Recovery,Services,13,158.26,2057.38,117.62,1529.06
2025-11-15,SO-42963,Zetland Markets,North,R. Lindqvist,Chilled Logistics,Services,16,504.84,8077.44,347.71,5563.36
2025-11-15,SO-42985,Thirlmere Trading,South,M. Delacroix,Chilled Logistics,Services,2,466.64,933.28,356.98,713.96
2025-11-15,SO-43037,Braemar Foods,North,A. Okafor,Insulated Totes,Packaging,7,214.33,1500.31,158.50,1109.50
2025-11-15,SO-43057,Fenwick Provisions,North,R. Lindqvist,Pallet Recovery,Services,6,173.53,1041.18,120.13,720.78
2025-11-15,SO-43069,Selkirk Supply,North,A. Okafor,Recycled Wrap,Packaging,12,35.32,423.84,29.95,359.40
2025-11-16,SO-42983,Penrith Provisions,North,R. Lindqvist,Pallet Recovery,Services,9,155.90,1403.10,116.31,1046.79
2025-11-16,SO-42995,Fenwick Provisions,North,R. Lindqvist,Pallet Recovery,Services,10,172.72,1727.20,121.30,1213.00
2025-11-16,SO-43013,Eastgate Retail,South,M. Delacroix,Chilled Logistics,Services,10,487.21,4872.10,339.04,3390.40
2025-11-16,SO-43053,Glenmore Stores,Midlands,S. Whitfield,Recycled Wrap,Packaging,14,36.22,507.08,29.18,408.52
2025-11-17,SO-43017,Fenwick Provisions,South,M. Delacroix,Chilled Logistics,Services,6,459.25,2755.50,341.43,2048.58
2025-11-17,SO-43052,Selkirk Supply,North,R. Lindqvist,Insulated Totes,Packaging,10,214.01,2140.10,163.44,1634.40
2025-11-17,SO-43063,Wetherby Wholesale,North,R. Lindqvist,Chilled Logistics,Services,3,468.37,1405.11,353.30,1059.90
2025-11-17,SO-43079,Zetland Markets,North,R. Lindqvist,Chilled Logistics,Services,9,477.81,4300.29,357.88,3220.92
2025-11-18,SO-42959,Braemar Foods,North,A. Okafor,Ambient Pallets,Storage,8,151.00,1208.00,112.25,898.00
2025-11-18,SO-42980,Harrowby Markets,Midlands,S. Whitfield,Pallet Recovery,Services,8,160.65,1285.20,116.73,933.84
2025-11-18,SO-42989,Wetherby Wholesale,South,M. Delacroix,Recycled Wrap,Packaging,12,36.70,440.40,29.86,358.32
2025-11-19,SO-42956,Zetland Markets,North,R. Lindqvist,Pallet Recovery,Services,17,160.51,2728.67,117.42,1996.14
2025-11-19,SO-42967,Jesmond Supply,Midlands,S. Whitfield,Chilled Logistics,Services,5,487.39,2436.95,354.60,1773.00
2025-11-19,SO-43006,Glenmore Stores,North,R. Lindqvist,Pallet Recovery,Services,12,159.10,1909.20,116.69,1400.28
2025-11-19,SO-43040,Jesmond Supply,North,A. Okafor,Recycled Wrap,Packaging,8,38.23,305.84,29.40,235.20
2025-11-19,SO-43059,Ravensdale Markets,North,R. Lindqvist,Insulated Totes,Packaging,11,213.27,2345.97,159.32,1752.52
2025-11-20,SO-42997,Yarrow Stores,Midlands,S. Whitfield,Insulated Totes,Packaging,10,215.80,2158.00,159.37,1593.70
2025-11-20,SO-43001,Zetland Markets,North,A. Okafor,Recycled Wrap,Packaging,12,34.63,415.56,29.14,349.68
2025-11-20,SO-43002,Ravensdale Markets,South,M. Delacroix,Chilled Logistics,Services,13,478.63,6222.19,349.99,4549.87
2025-11-20,SO-43009,Braemar Foods,South,M. Delacroix,Recycled Wrap,Packaging,11,36.73,404.03,29.65,326.15
2025-11-20,SO-43022,Thirlmere Trading,South,M. Delacroix,Pallet Recovery,Services,8,155.32,1242.56,121.61,972.88
2025-11-21,SO-43024,Dunlin Wholesale,Midlands,S. Whitfield,Chilled Logistics,Services,7,497.59,3483.13,346.75,2427.25
2025-11-21,SO-43030,Thirlmere Trading,Midlands,S. Whitfield,Chilled Logistics,Services,4,456.39,1825.56,339.46,1357.84
2025-11-21,SO-43042,Oakworth Stores,North,A. Okafor,Ambient Pallets,Storage,9,141.87,1276.83,109.23,983.07
2025-11-21,SO-43046,Penrith Provisions,Midlands,S. Whitfield,Insulated Totes,Packaging,8,219.63,1757.04,160.44,1283.52
2025-11-21,SO-43075,Oakworth Stores,North,A. Okafor,Insulated Totes,Packaging,6,219.17,1315.02,164.68,988.08
2025-11-22,SO-42978,Quarrywood Foods,Midlands,S. Whitfield,Chilled Logistics,Services,6,481.46,2888.76,356.78,2140.68
2025-11-22,SO-43020,Kelvin Trading,South,M. Delacroix,Chilled Logistics,Services,8,502.57,4020.56,347.80,2782.40
2025-11-22,SO-43028,Langdale Foods,South,M. Delacroix,Chilled Logistics,Services,9,477.55,4297.95,350.69,3156.21
2025-11-22,SO-43062,Glenmore Stores,Midlands,S. Whitfield,Insulated Totes,Packaging,7,205.80,1440.60,159.24,1114.68
2025-11-23,SO-43029,Kelvin Trading,South,M. Delacroix,Pallet Recovery,Services,6,159.98,959.88,122.74,736.44
2025-11-23,SO-43066,Dunlin Wholesale,North,R. Lindqvist,Pallet Recovery,Services,11,167.17,1838.87,119.26,1311.86
2025-11-24,SO-43074,Dunlin Wholesale,North,R. Lindqvist,Recycled Wrap,Packaging,12,34.58,414.96,29.10,349.20
2025-11-25,SO-42950,Oakworth Stores,South,M. Delacroix,Ambient Pallets,Storage,5,137.05,685.25,108.75,543.75
2025-11-25,SO-42977,Vale Provisions,North,A. Okafor,Pallet Recovery,Services,15,164.38,2465.70,120.98,1814.70
2025-11-25,SO-42993,Quarrywood Foods,Scotland,T. Buchanan,Ambient Pallets,Storage,12,149.90,1798.80,112.83,1353.96
2025-11-25,SO-42999,Vale Provisions,North,A. Okafor,Recycled Wrap,Packaging,9,37.24,335.16,30.13,271.17
2025-11-25,SO-43011,Ilkley Fresh,North,R. Lindqvist,Ambient Pallets,Storage,4,149.55,598.20,109.56,438.24
2025-11-25,SO-43027,Yarrow Stores,South,M. Delacroix,Chilled Logistics,Services,10,464.62,4646.20,348.19,3481.90
2025-11-26,SO-42996,Quarrywood Foods,Scotland,T. Buchanan,Chilled Logistics,Services,2,465.86,931.72,341.55,683.10
2025-11-26,SO-43000,Ilkley Fresh,Midlands,S. Whitfield,Recycled Wrap,Packaging,1,34.13,34.13,29.67,29.67
2025-11-26,SO-43033,Netherby Group,South,M. Delacroix,Ambient Pallets,Storage,5,151.85,759.25,109.57,547.85
2025-11-26,SO-43068,Netherby Group,Midlands,S. Whitfield,Chilled Logistics,Services,6,455.97,2735.82,354.82,2128.92
2025-11-27,SO-42955,Penrith Provisions,Midlands,S. Whitfield,Pallet Recovery,Services,9,170.38,1533.42,122.01,1098.09
2025-11-27,SO-42973,Langdale Foods,South,M. Delacroix,Pallet Recovery,Services,11,163.93,1803.23,120.55,1326.05
2025-11-27,SO-43004,Harrowby Markets,South,M. Delacroix,Pallet Recovery,Services,10,156.05,1560.50,119.78,1197.80
2025-11-27,SO-43060,Netherby Group,North,A. Okafor,Pallet Recovery,Services,7,156.83,1097.81,120.48,843.36
2025-11-28,SO-42958,Eastgate Retail,North,R. Lindqvist,Chilled Logistics,Services,17,495.38,8421.46,353.00,6001.00
2025-11-28,SO-42962,Eastgate Retail,South,M. Delacroix,Recycled Wrap,Packaging,14,34.47,482.58,30.45,426.30
2025-11-28,SO-42974,Quarrywood Foods,North,R. Lindqvist,Pallet Recovery,Services,16,155.42,2486.72,117.23,1875.68
2025-11-28,SO-42987,Oakworth Stores,North,R. Lindqvist,Pallet Recovery,Services,7,172.92,1210.44,117.03,819.21
2025-11-28,SO-43039,Ullswater Foods,North,R. Lindqvist,Chilled Logistics,Services,1,494.73,494.73,346.54,346.54
2025-11-28,SO-43050,Jesmond Supply,North,R. Lindqvist,Insulated Totes,Packaging,5,203.29,1016.45,158.74,793.70
2025-11-28,SO-43056,Calder Grocers,South,M. Delacroix,Chilled Logistics,Services,7,502.58,3518.06,347.07,2429.49
2025-11-28,SO-43073,Netherby Group,North,R. Lindqvist,Chilled Logistics,Services,9,491.81,4426.29,346.15,3115.35
2025-12-01,SO-43110,Wetherby Wholesale,Midlands,S. Whitfield,Chilled Logistics,Services,8,470.47,3763.76,362.48,2899.84
2025-12-01,SO-43142,Selkirk Supply,North,A. Okafor,Legacy Crates,Storage,9,87.37,786.33,78.22,703.98
2025-12-01,SO-43143,Zetland Markets,Midlands,S. Whitfield,Insulated Totes,Packaging,4,203.98,815.92,164.78,659.12
2025-12-01,SO-43151,Harrowby Markets,North,R. Lindqvist,Insulated Totes,Packaging,3,227.68,683.04,162.18,486.54
2025-12-01,SO-43157,Ilkley Fresh,Midlands,S. Whitfield,Chilled Logistics,Services,14,482.11,6749.54,358.96,5025.44
2025-12-01,SO-43186,Ravensdale Markets,Midlands,S. Whitfield,Pallet Recovery,Services,10,155.84,1558.40,121.04,1210.40
2025-12-02,SO-43093,Zetland Markets,North,A. Okafor,Insulated Totes,Packaging,10,213.99,2139.90,170.13,1701.30
2025-12-02,SO-43129,Dunlin Wholesale,North,A. Okafor,Pallet Recovery,Services,9,164.17,1477.53,124.43,1119.87
2025-12-02,SO-43185,Kelvin Trading,South,M. Delacroix,Chilled Logistics,Services,5,472.56,2362.80,361.82,1809.10
2025-12-03,SO-43116,Vale Provisions,Scotland,T. Buchanan,Legacy Crates,Storage,4,91.63,366.52,79.84,319.36
2025-12-03,SO-43158,Penrith Provisions,North,R. Lindqvist,Recycled Wrap,Packaging,4,38.21,152.84,31.23,124.92
2025-12-03,SO-43178,Ilkley Fresh,North,R. Lindqvist,Insulated Totes,Packaging,4,209.00,836.00,169.43,677.72
2025-12-04,SO-43084,Eastgate Retail,North,A. Okafor,Recycled Wrap,Packaging,13,38.48,500.24,30.13,391.69
2025-12-04,SO-43113,Netherby Group,Midlands,S. Whitfield,Ambient Pallets,Storage,11,151.60,1667.60,114.22,1256.42
2025-12-04,SO-43147,Marchmont Retail,South,M. Delacroix,Chilled Logistics,Services,10,461.76,4617.60,367.20,3672.00
2025-12-04,SO-43197,Zetland Markets,North,R. Lindqvist,Chilled Logistics,Services,10,459.51,4595.10,368.34,3683.40
2025-12-05,SO-43082,Ullswater Foods,North,R. Lindqvist,Pallet Recovery,Services,10,166.78,1667.80,121.31,1213.10
2025-12-05,SO-43111,Eastgate Retail,Midlands,S. Whitfield,Pallet Recovery,Services,3,171.12,513.36,126.43,379.29
2025-12-05,SO-43117,Zetland Markets,South,M. Delacroix,Pallet Recovery,Services,7,167.87,1175.09,123.43,864.01
2025-12-05,SO-43149,Kelvin Trading,North,A. Okafor,Recycled Wrap,Packaging,4,37.86,151.44,29.99,119.96
2025-12-05,SO-43170,Ilkley Fresh,South,M. Delacroix,Legacy Crates,Storage,8,86.23,689.84,78.76,630.08
2025-12-05,SO-43172,Calder Grocers,South,M. Delacroix,Chilled Logistics,Services,2,490.85,981.70,353.26,706.52
2025-12-06,SO-43148,Braemar Foods,North,A. Okafor,Ambient Pallets,Storage,8,150.33,1202.64,115.10,920.80
2025-12-06,SO-43189,Harrowby Markets,South,M. Delacroix,Insulated Totes,Packaging,5,214.22,1071.10,167.77,838.85
2025-12-06,SO-43191,Calder Grocers,North,A. Okafor,Pallet Recovery,Services,8,158.60,1268.80,120.72,965.76
2025-12-07,SO-43105,Ullswater Foods,South,M. Delacroix,Ambient Pallets,Storage,8,140.00,1120.00,113.57,908.56
2025-12-07,SO-43112,Marchmont Retail,North,R. Lindqvist,Chilled Logistics,Services,6,453.47,2720.82,368.79,2212.74
2025-12-07,SO-43114,Ilkley Fresh,Midlands,S. Whitfield,Chilled Logistics,Services,12,452.62,5431.44,358.12,4297.44
2025-12-07,SO-43168,Marchmont Retail,Midlands,S. Whitfield,Recycled Wrap,Packaging,6,35.10,210.60,30.95,185.70
2025-12-07,SO-43184,Marchmont Retail,Scotland,T. Buchanan,Chilled Logistics,Services,8,474.80,3798.40,351.94,2815.52
2025-12-08,SO-43095,Harrowby Markets,South,M. Delacroix,Chilled Logistics,Services,11,502.54,5527.94,369.62,4065.82
2025-12-08,SO-43139,Calder Grocers,South,M. Delacroix,Pallet Recovery,Services,5,157.98,789.90,127.34,636.70
2025-12-08,SO-43164,Netherby Group,South,M. Delacroix,Chilled Logistics,Services,11,502.45,5526.95,356.45,3920.95
2025-12-08,SO-43165,Netherby Group,South,M. Delacroix,Recycled Wrap,Packaging,14,37.81,529.34,31.55,441.70
2025-12-08,SO-43179,Braemar Foods,North,A. Okafor,Pallet Recovery,Services,7,156.31,1094.17,126.47,885.29
2025-12-09,SO-43091,Fenwick Provisions,North,R. Lindqvist,Recycled Wrap,Packaging,9,36.59,329.31,29.91,269.19
2025-12-09,SO-43132,Calder Grocers,North,A. Okafor,Ambient Pallets,Storage,2,139.89,279.78,116.18,232.36
2025-12-09,SO-43138,Wetherby Wholesale,Midlands,S. Whitfield,Pallet Recovery,Services,9,158.35,1425.15,121.02,1089.18
2025-12-09,SO-43153,Oakworth Stores,North,R. Lindqvist,Pallet Recovery,Services,10,160.03,1600.30,120.82,1208.20
2025-12-10,SO-43087,Glenmore Stores,South,M. Delacroix,Recycled Wrap,Packaging,11,34.07,374.77,30.76,338.36
2025-12-10,SO-43144,Braemar Foods,North,A. Okafor,Recycled Wrap,Packaging,13,36.81,478.53,30.92,401.96
2025-12-10,SO-43155,Oakworth Stores,North,R. Lindqvist,Ambient Pallets,Storage,6,145.15,870.90,117.44,704.64
2025-12-10,SO-43163,Ullswater Foods,South,M. Delacroix,Pallet Recovery,Services,5,169.80,849.00,126.02,630.10
2025-12-10,SO-43169,Kelvin Trading,Scotland,T. Buchanan,Chilled Logistics,Services,7,474.36,3320.52,356.50,2495.50
2025-12-11,SO-43086,Quarrywood Foods,North,A. Okafor,Insulated Totes,Packaging,8,222.35,1778.80,171.41,1371.28
2025-12-11,SO-43130,Ravensdale Markets,North,R. Lindqvist,Insulated Totes,Packaging,12,220.45,2645.40,162.63,1951.56
2025-12-11,SO-43167,Calder Grocers,South,M. Delacroix,Insulated Totes,Packaging,5,228.81,1144.05,163.52,817.60
2025-12-11,SO-43171,Jesmond Supply,North,A. Okafor,Chilled Logistics,Services,7,494.27,3459.89,365.85,2560.95
2025-12-11,SO-43173,Selkirk Supply,North,R. Lindqvist,Chilled Logistics,Services,9,472.62,4253.58,355.11,3195.99
2025-12-11,SO-43188,Kelvin Trading,South,M. Delacroix,Recycled Wrap,Packaging,10,38.30,383.00,30.27,302.70
2025-12-11,SO-43193,Marchmont Retail,North,R. Lindqvist,Chilled Logistics,Services,2,510.64,1021.28,370.90,741.80
2025-12-11,SO-43201,Eastgate Retail,South,M. Delacroix,Pallet Recovery,Services,10,170.15,1701.50,122.13,1221.30
2025-12-11,SO-43202,Braemar Foods,Scotland,T. Buchanan,Recycled Wrap,Packaging,6,34.98,209.88,30.29,181.74
2025-12-12,SO-43124,Eastgate Retail,North,R. Lindqvist,Chilled Logistics,Services,9,493.77,4443.93,357.50,3217.50
2025-12-12,SO-43128,Calder Grocers,Midlands,S. Whitfield,Insulated Totes,Packaging,10,226.47,2264.70,167.22,1672.20
2025-12-12,SO-43180,Oakworth Stores,Midlands,S. Whitfield,Chilled Logistics,Services,12,452.81,5433.72,361.53,4338.36
2025-12-13,SO-43083,Fenwick Provisions,South,M. Delacroix,Ambient Pallets,Storage,7,150.60,1054.20,117.31,821.17
2025-12-13,SO-43122,Eastgate Retail,South,M. Delacroix,Recycled Wrap,Packaging,16,37.90,606.40,31.55,504.80
2025-12-13,SO-43127,Zetland Markets,Midlands,S. Whitfield,Recycled Wrap,Packaging,13,34.05,442.65,30.00,390.00
2025-12-13,SO-43182,Penrith Provisions,North,R. Lindqvist,Chilled Logistics,Services,10,509.21,5092.10,368.90,3689.00
2025-12-14,SO-43103,Yarrow Stores,Midlands,S. Whitfield,Ambient Pallets,Storage,4,151.22,604.88,115.28,461.12
2025-12-14,SO-43104,Kelvin Trading,North,R. Lindqvist,Pallet Recovery,Services,12,166.09,1993.08,125.56,1506.72
2025-12-14,SO-43120,Jesmond Supply,Midlands,S. Whitfield,Ambient Pallets,Storage,12,136.67,1640.04,115.79,1389.48
2025-12-14,SO-43134,Wetherby Wholesale,North,A. Okafor,Ambient Pallets,Storage,12,147.86,1774.32,118.92,1427.04
2025-12-14,SO-43152,Zetland Markets,South,M. Delacroix,Recycled Wrap,Packaging,8,36.19,289.52,30.53,244.24
2025-12-14,SO-43199,Marchmont Retail,North,R. Lindqvist,Insulated Totes,Packaging,8,224.06,1792.48,165.29,1322.32
2025-12-15,SO-43131,Yarrow Stores,South,M. Delacroix,Insulated Totes,Packaging,4,204.71,818.84,164.66,658.64
2025-12-16,SO-43080,Penrith Provisions,North,A. Okafor,Ambient Pallets,Storage,9,143.44,1290.96,117.54,1057.86
2025-12-16,SO-43098,Selkirk Supply,South,M. Delacroix,Recycled Wrap,Packaging,5,37.57,187.85,30.47,152.35
2025-12-17,SO-43107,Calder Grocers,Midlands,S. Whitfield,Ambient Pallets,Storage,4,140.81,563.24,114.55,458.20
2025-12-17,SO-43119,Oakworth Stores,Scotland,T. Buchanan,Recycled Wrap,Packaging,10,37.70,377.00,31.64,316.40
2025-12-17,SO-43156,Ravensdale Markets,North,R. Lindqvist,Chilled Logistics,Services,9,479.09,4311.81,352.62,3173.58
2025-12-17,SO-43161,Langdale Foods,North,R. Lindqvist,Chilled Logistics,Services,4,463.94,1855.76,367.47,1469.88
2025-12-17,SO-43166,Quarrywood Foods,South,M. Delacroix,Ambient Pallets,Storage,11,139.63,1535.93,118.09,1298.99
2025-12-17,SO-43174,Ravensdale Markets,South,M. Delacroix,Recycled Wrap,Packaging,5,36.94,184.70,30.49,152.45
2025-12-17,SO-43177,Netherby Group,North,A. Okafor,Chilled Logistics,Services,6,501.74,3010.44,355.09,2130.54
2025-12-18,SO-43125,Fenwick Provisions,Midlands,S. Whitfield,Pallet Recovery,Services,5,174.10,870.50,121.81,609.05
2025-12-18,SO-43162,Quarrywood Foods,Midlands,S. Whitfield,Ambient Pallets,Storage,10,138.44,1384.40,114.79,1147.90
2025-12-19,SO-43101,Jesmond Supply,Midlands,S. Whitfield,Insulated Totes,Packaging,10,206.37,2063.70,169.78,1697.80
2025-12-19,SO-43146,Oakworth Stores,Midlands,S. Whitfield,Chilled Logistics,Services,8,510.08,4080.64,350.51,2804.08
2025-12-19,SO-43181,Wetherby Wholesale,Scotland,T. Buchanan,Chilled Logistics,Services,7,495.29,3467.03,352.59,2468.13
2025-12-19,SO-43187,Jesmond Supply,South,M. Delacroix,Recycled Wrap,Packaging,8,37.07,296.56,30.93,247.44
2025-12-19,SO-43190,Ilkley Fresh,South,M. Delacroix,Chilled Logistics,Services,5,453.28,2266.40,370.19,1850.95
2025-12-20,SO-43088,Vale Provisions,North,A. Okafor,Chilled Logistics,Services,6,484.72,2908.32,352.70,2116.20
2025-12-20,SO-43106,Kelvin Trading,North,A. Okafor,Ambient Pallets,Storage,7,137.26,960.82,114.78,803.46
2025-12-20,SO-43123,Braemar Foods,North,A. Okafor,Recycled Wrap,Packaging,8,37.47,299.76,30.67,245.36
2025-12-20,SO-43135,Eastgate Retail,North,A. Okafor,Chilled Logistics,Services,4,491.03,1964.12,369.92,1479.68
2025-12-20,SO-43140,Yarrow Stores,North,A. Okafor,Ambient Pallets,Storage,7,144.14,1008.98,116.36,814.52
2025-12-20,SO-43145,Braemar Foods,North,A. Okafor,Chilled Logistics,Services,13,453.16,5891.08,371.39,4828.07
2025-12-20,SO-43154,Wetherby Wholesale,North,R. Lindqvist,Chilled Logistics,Services,10,501.29,5012.90,351.91,3519.10
2025-12-20,SO-43203,Penrith Provisions,South,M. Delacroix,Chilled Logistics,Services,7,499.84,3498.88,361.57,2530.99
2025-12-21,SO-43081,Glenmore Stores,Midlands,S. Whitfield,Recycled Wrap,Packaging,13,34.86,453.18,30.69,398.97
2025-12-21,SO-43175,Vale Provisions,Scotland,T. Buchanan,Ambient Pallets,Storage,5,142.81,714.05,113.54,567.70
2025-12-21,SO-43195,Fenwick Provisions,North,R. Lindqvist,Insulated Totes,Packaging,7,219.37,1535.59,170.22,1191.54
2025-12-22,SO-43089,Penrith Provisions,Midlands,S. Whitfield,Chilled Logistics,Services,11,462.82,5091.02,370.91,4080.01
2025-12-22,SO-43090,Ullswater Foods,North,R. Lindqvist,Chilled Logistics,Services,12,451.39,5416.68,361.68,4340.16
2025-12-22,SO-43176,Vale Provisions,Scotland,T. Buchanan,Chilled Logistics,Services,4,492.18,1968.72,369.19,1476.76
2025-12-22,SO-43194,Penrith Provisions,South,M. Delacroix,Chilled Logistics,Services,2,457.41,914.82,362.92,725.84
2025-12-23,SO-43085,Harrowby Markets,South,M. Delacroix,Insulated Totes,Packaging,6,214.13,1284.78,167.92,1007.52
2025-12-23,SO-43100,Eastgate Retail,South,M. Delacroix,Pallet Recovery,Services,6,174.58,1047.48,127.58,765.48
2025-12-23,SO-43108,Eastgate Retail,North,R. Lindqvist,Pallet Recovery,Services,6,168.03,1008.18,121.38,728.28
2025-12-23,SO-43118,Fenwick Provisions,North,A. Okafor,Recycled Wrap,Packaging,10,38.44,384.40,31.11,311.10
2025-12-23,SO-43160,Fenwick Provisions,Scotland,T. Buchanan,Insulated Totes,Packaging,8,210.62,1684.96,163.68,1309.44
2025-12-23,SO-43204,Ullswater Foods,South,M. Delacroix,Recycled Wrap,Packaging,9,37.47,337.23,31.41,282.69
2025-12-24,SO-43136,Harrowby Markets,Scotland,T. Buchanan,Chilled Logistics,Services,11,471.01,5181.11,356.18,3917.98
2025-12-24,SO-43137,Langdale Foods,North,A. Okafor,Ambient Pallets,Storage,6,137.25,823.50,114.99,689.94
2025-12-24,SO-43150,Yarrow Stores,Scotland,T. Buchanan,Insulated Totes,Packaging,7,227.99,1595.93,165.28,1156.96
2025-12-25,SO-43094,Dunlin Wholesale,Midlands,S. Whitfield,Recycled Wrap,Packaging,6,38.00,228.00,30.57,183.42
2025-12-25,SO-43109,Jesmond Supply,North,R. Lindqvist,Pallet Recovery,Services,6,158.53,951.18,122.61,735.66
2025-12-26,SO-43092,Calder Grocers,South,M. Delacroix,Insulated Totes,Packaging,10,210.32,2103.20,162.00,1620.00
2025-12-26,SO-43096,Wetherby Wholesale,North,R. Lindqvist,Insulated Totes,Packaging,4,205.88,823.52,170.90,683.60
2025-12-26,SO-43099,Thirlmere Trading,North,R. Lindqvist,Pallet Recovery,Services,10,173.05,1730.50,127.20,1272.00
2025-12-26,SO-43121,Penrith Provisions,North,R. Lindqvist,Chilled Logistics,Services,12,472.19,5666.28,350.32,4203.84
2025-12-27,SO-43097,Oakworth Stores,South,M. Delacroix,Chilled Logistics,Services,11,460.44,5064.84,362.05,3982.55
2025-12-27,SO-43102,Oakworth Stores,Scotland,T. Buchanan,Chilled Logistics,Services,13,509.18,6619.34,357.24,4644.12
2025-12-27,SO-43115,Calder Grocers,North,R. Lindqvist,Chilled Logistics,Services,9,481.94,4337.46,355.27,3197.43
2025-12-27,SO-43141,Eastgate Retail,South,M. Delacroix,Pallet Recovery,Services,6,165.18,991.08,120.27,721.62
2025-12-27,SO-43159,Oakworth Stores,Midlands,S. Whitfield,Chilled Logistics,Services,6,486.45,2918.70,370.51,2223.06
2025-12-27,SO-43183,Ravensdale Markets,North,A. Okafor,Recycled Wrap,Packaging,12,37.58,450.96,31.03,372.36
2025-12-27,SO-43196,Thirlmere Trading,South,M. Delacroix,Ambient Pallets,Storage,11,141.82,1560.02,115.21,1267.31
2025-12-27,SO-43198,Fenwick Provisions,Midlands,S. Whitfield,Chilled Logistics,Services,9,452.97,4076.73,364.63,3281.67
2025-12-28,SO-43126,Calder Grocers,Midlands,S. Whitfield,Recycled Wrap,Packaging,4,34.51,138.04,30.83,123.32
2025-12-28,SO-43133,Ravensdale Markets,North,A. Okafor,Recycled Wrap,Packaging,6,38.61,231.66,31.01,186.06
2025-12-28,SO-43192,Thirlmere Trading,North,A. Okafor,Pallet Recovery,Services,10,172.11,1721.10,127.38,1273.80
2025-12-28,SO-43200,Oakworth Stores,North,R. Lindqvist,Recycled Wrap,Packaging,8,38.45,307.60,30.50,244.00
